"";"A.MIO_NAC.CO.S11.ASS.F_TR.AT";"A.MIO_NAC.CO.S11.ASS.F_TR.AU";"A.MIO_NAC.CO.S11.ASS.F_TR.BE";"A.MIO_NAC.CO.S11.ASS.F_TR.BG";"A.MIO_NAC.CO.S11.ASS.F_TR.BR";"A.MIO_NAC.CO.S11.ASS.F_TR.CA";"A.MIO_NAC.CO.S11.ASS.F_TR.CH";"A.MIO_NAC.CO.S11.ASS.F_TR.CL";"A.MIO_NAC.CO.S11.ASS.F_TR.CO";"A.MIO_NAC.CO.S11.ASS.F_TR.CY";"A.MIO_NAC.CO.S11.ASS.F_TR.CZ";"A.MIO_NAC.CO.S11.ASS.F_TR.DE";"A.MIO_NAC.CO.S11.ASS.F_TR.DK";"A.MIO_NAC.CO.S11.ASS.F_TR.EA19";"A.MIO_NAC.CO.S11.ASS.F_TR.EE";"A.MIO_NAC.CO.S11.ASS.F_TR.EL";"A.MIO_NAC.CO.S11.ASS.F_TR.ES";"A.MIO_NAC.CO.S11.ASS.F_TR.EU28";"A.MIO_NAC.CO.S11.ASS.F_TR.FI";"A.MIO_NAC.CO.S11.ASS.F_TR.FR";"A.MIO_NAC.CO.S11.ASS.F_TR.HR";"A.MIO_NAC.CO.S11.ASS.F_TR.HU";"A.MIO_NAC.CO.S11.ASS.F_TR.IE";"A.MIO_NAC.CO.S11.ASS.F_TR.IL";"A.MIO_NAC.CO.S11.ASS.F_TR.IN";"A.MIO_NAC.CO.S11.ASS.F_TR.IS";"A.MIO_NAC.CO.S11.ASS.F_TR.IT";"A.MIO_NAC.CO.S11.ASS.F_TR.JP";"A.MIO_NAC.CO.S11.ASS.F_TR.KR";"A.MIO_NAC.CO.S11.ASS.F_TR.LT";"A.MIO_NAC.CO.S11.ASS.F_TR.LU";"A.MIO_NAC.CO.S11.ASS.F_TR.LV";"A.MIO_NAC.CO.S11.ASS.F_TR.ME";"A.MIO_NAC.CO.S11.ASS.F_TR.MK";"A.MIO_NAC.CO.S11.ASS.F_TR.MT";"A.MIO_NAC.CO.S11.ASS.F_TR.MX";"A.MIO_NAC.CO.S11.ASS.F_TR.NL";"A.MIO_NAC.CO.S11.ASS.F_TR.NO";"A.MIO_NAC.CO.S11.ASS.F_TR.PL";"A.MIO_NAC.CO.S11.ASS.F_TR.PT";"A.MIO_NAC.CO.S11.ASS.F_TR.RO";"A.MIO_NAC.CO.S11.ASS.F_TR.RS";"A.MIO_NAC.CO.S11.ASS.F_TR.RU";"A.MIO_NAC.CO.S11.ASS.F_TR.SE";"A.MIO_NAC.CO.S11.ASS.F_TR.SI";"A.MIO_NAC.CO.S11.ASS.F_TR.SK";"A.MIO_NAC.CO.S11.ASS.F_TR.TR";"A.MIO_NAC.CO.S11.ASS.F_TR.UK";"A.MIO_NAC.CO.S11.ASS.F_TR.US";"A.MIO_NAC.CO.S12.ASS.F_TR.AT";"A.MIO_NAC.CO.S12.ASS.F_TR.AU";"A.MIO_NAC.CO.S12.ASS.F_TR.BE";"A.MIO_NAC.CO.S12.ASS.F_TR.BG";"A.MIO_NAC.CO.S12.ASS.F_TR.BR";"A.MIO_NAC.CO.S12.ASS.F_TR.CA";"A.MIO_NAC.CO.S12.ASS.F_TR.CH";"A.MIO_NAC.CO.S12.ASS.F_TR.CL";"A.MIO_NAC.CO.S12.ASS.F_TR.CO";"A.MIO_NAC.CO.S12.ASS.F_TR.CY";"A.MIO_NAC.CO.S12.ASS.F_TR.CZ";"A.MIO_NAC.CO.S12.ASS.F_TR.DE";"A.MIO_NAC.CO.S12.ASS.F_TR.DK";"A.MIO_NAC.CO.S12.ASS.F_TR.EA19";"A.MIO_NAC.CO.S12.ASS.F_TR.EE";"A.MIO_NAC.CO.S12.ASS.F_TR.EL";"A.MIO_NAC.CO.S12.ASS.F_TR.ES";"A.MIO_NAC.CO.S12.ASS.F_TR.EU28";"A.MIO_NAC.CO.S12.ASS.F_TR.FI";"A.MIO_NAC.CO.S12.ASS.F_TR.FR";"A.MIO_NAC.CO.S12.ASS.F_TR.HR";"A.MIO_NAC.CO.S12.ASS.F_TR.HU";"A.MIO_NAC.CO.S12.ASS.F_TR.IE";"A.MIO_NAC.CO.S12.ASS.F_TR.IL";"A.MIO_NAC.CO.S12.ASS.F_TR.IN";"A.MIO_NAC.CO.S12.ASS.F_TR.IS";"A.MIO_NAC.CO.S12.ASS.F_TR.IT";"A.MIO_NAC.CO.S12.ASS.F_TR.JP";"A.MIO_NAC.CO.S12.ASS.F_TR.KR";"A.MIO_NAC.CO.S12.ASS.F_TR.LT";"A.MIO_NAC.CO.S12.ASS.F_TR.LU";"A.MIO_NAC.CO.S12.ASS.F_TR.LV";"A.MIO_NAC.CO.S12.ASS.F_TR.ME";"A.MIO_NAC.CO.S12.ASS.F_TR.MK";"A.MIO_NAC.CO.S12.ASS.F_TR.MT";"A.MIO_NAC.CO.S12.ASS.F_TR.MX";"A.MIO_NAC.CO.S12.ASS.F_TR.NL";"A.MIO_NAC.CO.S12.ASS.F_TR.NO";"A.MIO_NAC.CO.S12.ASS.F_TR.PL";"A.MIO_NAC.CO.S12.ASS.F_TR.PT";"A.MIO_NAC.CO.S12.ASS.F_TR.RO";"A.MIO_NAC.CO.S12.ASS.F_TR.RS";"A.MIO_NAC.CO.S12.ASS.F_TR.RU";"A.MIO_NAC.CO.S12.ASS.F_TR.SE";"A.MIO_NAC.CO.S12.ASS.F_TR.SI";"A.MIO_NAC.CO.S12.ASS.F_TR.SK";"A.MIO_NAC.CO.S12.ASS.F_TR.TR";"A.MIO_NAC.CO.S12.ASS.F_TR.UK";"A.MIO_NAC.CO.S12.ASS.F_TR.US";"A.MIO_NAC.CO.S13.ASS.F_TR.AT";"A.MIO_NAC.CO.S13.ASS.F_TR.AU";"A.MIO_NAC.CO.S13.ASS.F_TR.BE";"A.MIO_NAC.CO.S13.ASS.F_TR.BG";"A.MIO_NAC.CO.S13.ASS.F_TR.BR";"A.MIO_NAC.CO.S13.ASS.F_TR.CA";"A.MIO_NAC.CO.S13.ASS.F_TR.CH";"A.MIO_NAC.CO.S13.ASS.F_TR.CL";"A.MIO_NAC.CO.S13.ASS.F_TR.CO";"A.MIO_NAC.CO.S13.ASS.F_TR.CY";"A.MIO_NAC.CO.S13.ASS.F_TR.CZ";"A.MIO_NAC.CO.S13.ASS.F_TR.DE";"A.MIO_NAC.CO.S13.ASS.F_TR.DK";"A.MIO_NAC.CO.S13.ASS.F_TR.EA19";"A.MIO_NAC.CO.S13.ASS.F_TR.EE";"A.MIO_NAC.CO.S13.ASS.F_TR.EL";"A.MIO_NAC.CO.S13.ASS.F_TR.ES";"A.MIO_NAC.CO.S13.ASS.F_TR.EU28";"A.MIO_NAC.CO.S13.ASS.F_TR.FI";"A.MIO_NAC.CO.S13.ASS.F_TR.FR";"A.MIO_NAC.CO.S13.ASS.F_TR.HR";"A.MIO_NAC.CO.S13.ASS.F_TR.HU";"A.MIO_NAC.CO.S13.ASS.F_TR.IE";"A.MIO_NAC.CO.S13.ASS.F_TR.IL";"A.MIO_NAC.CO.S13.ASS.F_TR.IN";"A.MIO_NAC.CO.S13.ASS.F_TR.IS";"A.MIO_NAC.CO.S13.ASS.F_TR.IT";"A.MIO_NAC.CO.S13.ASS.F_TR.JP";"A.MIO_NAC.CO.S13.ASS.F_TR.KR";"A.MIO_NAC.CO.S13.ASS.F_TR.LT";"A.MIO_NAC.CO.S13.ASS.F_TR.LU";"A.MIO_NAC.CO.S13.ASS.F_TR.LV";"A.MIO_NAC.CO.S13.ASS.F_TR.ME";"A.MIO_NAC.CO.S13.ASS.F_TR.MK";"A.MIO_NAC.CO.S13.ASS.F_TR.MT";"A.MIO_NAC.CO.S13.ASS.F_TR.MX";"A.MIO_NAC.CO.S13.ASS.F_TR.NL";"A.MIO_NAC.CO.S13.ASS.F_TR.NO";"A.MIO_NAC.CO.S13.ASS.F_TR.PL";"A.MIO_NAC.CO.S13.ASS.F_TR.PT";"A.MIO_NAC.CO.S13.ASS.F_TR.RO";"A.MIO_NAC.CO.S13.ASS.F_TR.RS";"A.MIO_NAC.CO.S13.ASS.F_TR.RU";"A.MIO_NAC.CO.S13.ASS.F_TR.SE";"A.MIO_NAC.CO.S13.ASS.F_TR.SI";"A.MIO_NAC.CO.S13.ASS.F_TR.SK";"A.MIO_NAC.CO.S13.ASS.F_TR.TR";"A.MIO_NAC.CO.S13.ASS.F_TR.UK";"A.MIO_NAC.CO.S13.ASS.F_TR.US";"A.MIO_NAC.CO.S14_S15.ASS.F_TR.AT";"A.MIO_NAC.CO.S14_S15.ASS.F_TR.AU";"A.MIO_NAC.CO.S14_S15.ASS.F_TR.BE";"A.MIO_NAC.CO.S14_S15.ASS.F_TR.BG";"A.MIO_NAC.CO.S14_S15.ASS.F_TR.BR";"A.MIO_NAC.CO.S14_S15.ASS.F_TR.CA";"A.MIO_NAC.CO.S14_S15.ASS.F_TR.CH";"A.MIO_NAC.CO.S14_S15.ASS.F_TR.CL";"A.MIO_NAC.CO.S14_S15.ASS.F_TR.CO";"A.MIO_NAC.CO.S14_S15.ASS.F_TR.CY";"A.MIO_NAC.CO.S14_S15.ASS.F_TR.CZ";"A.MIO_NAC.CO.S14_S15.ASS.F_TR.DE";"A.MIO_NAC.CO.S14_S15.ASS.F_TR.DK";"A.MIO_NAC.CO.S14_S15.ASS.F_TR.EA19";"A.MIO_NAC.CO.S14_S15.ASS.F_TR.EE";"A.MIO_NAC.CO.S14_S15.ASS.F_TR.EL";"A.MIO_NAC.CO.S14_S15.ASS.F_TR.ES";"A.MIO_NAC.CO.S14_S15.ASS.F_TR.EU28";"A.MIO_NAC.CO.S14_S15.ASS.F_TR.FI";"A.MIO_NAC.CO.S14_S15.ASS.F_TR.FR";"A.MIO_NAC.CO.S14_S15.ASS.F_TR.HR";"A.MIO_NAC.CO.S14_S15.ASS.F_TR.HU";"A.MIO_NAC.CO.S14_S15.ASS.F_TR.IE";"A.MIO_NAC.CO.S14_S15.ASS.F_TR.IL";"A.MIO_NAC.CO.S14_S15.ASS.F_TR.IN";"A.MIO_NAC.CO.S14_S15.ASS.F_TR.IS";"A.MIO_NAC.CO.S14_S15.ASS.F_TR.IT";"A.MIO_NAC.CO.S14_S15.ASS.F_TR.JP";"A.MIO_NAC.CO.S14_S15.ASS.F_TR.KR";"A.MIO_NAC.CO.S14_S15.ASS.F_TR.LT";"A.MIO_NAC.CO.S14_S15.ASS.F_TR.LU";"A.MIO_NAC.CO.S14_S15.ASS.F_TR.LV";"A.MIO_NAC.CO.S14_S15.ASS.F_TR.ME";"A.MIO_NAC.CO.S14_S15.ASS.F_TR.MK";"A.MIO_NAC.CO.S14_S15.ASS.F_TR.MT";"A.MIO_NAC.CO.S14_S15.ASS.F_TR.MX";"A.MIO_NAC.CO.S14_S15.ASS.F_TR.NL";"A.MIO_NAC.CO.S14_S15.ASS.F_TR.NO";"A.MIO_NAC.CO.S14_S15.ASS.F_TR.PL";"A.MIO_NAC.CO.S14_S15.ASS.F_TR.PT";"A.MIO_NAC.CO.S14_S15.ASS.F_TR.RO";"A.MIO_NAC.CO.S14_S15.ASS.F_TR.RS";"A.MIO_NAC.CO.S14_S15.ASS.F_TR.RU";"A.MIO_NAC.CO.S14_S15.ASS.F_TR.SE";"A.MIO_NAC.CO.S14_S15.ASS.F_TR.SI";"A.MIO_NAC.CO.S14_S15.ASS.F_TR.SK";"A.MIO_NAC.CO.S14_S15.ASS.F_TR.TR";"A.MIO_NAC.CO.S14_S15.ASS.F_TR.UK";"A.MIO_NAC.CO.S14_S15.ASS.F_TR.US";"A.MIO_NAC.CO.S2.ASS.F_TR.AT";"A.MIO_NAC.CO.S2.ASS.F_TR.AU";"A.MIO_NAC.CO.S2.ASS.F_TR.BE";"A.MIO_NAC.CO.S2.ASS.F_TR.BG";"A.MIO_NAC.CO.S2.ASS.F_TR.BR";"A.MIO_NAC.CO.S2.ASS.F_TR.CA";"A.MIO_NAC.CO.S2.ASS.F_TR.CH";"A.MIO_NAC.CO.S2.ASS.F_TR.CL";"A.MIO_NAC.CO.S2.ASS.F_TR.CO";"A.MIO_NAC.CO.S2.ASS.F_TR.CY";"A.MIO_NAC.CO.S2.ASS.F_TR.CZ";"A.MIO_NAC.CO.S2.ASS.F_TR.DE";"A.MIO_NAC.CO.S2.ASS.F_TR.DK";"A.MIO_NAC.CO.S2.ASS.F_TR.EA19";"A.MIO_NAC.CO.S2.ASS.F_TR.EE";"A.MIO_NAC.CO.S2.ASS.F_TR.EL";"A.MIO_NAC.CO.S2.ASS.F_TR.ES";"A.MIO_NAC.CO.S2.ASS.F_TR.EU28";"A.MIO_NAC.CO.S2.ASS.F_TR.FI";"A.MIO_NAC.CO.S2.ASS.F_TR.FR";"A.MIO_NAC.CO.S2.ASS.F_TR.HR";"A.MIO_NAC.CO.S2.ASS.F_TR.HU";"A.MIO_NAC.CO.S2.ASS.F_TR.IE";"A.MIO_NAC.CO.S2.ASS.F_TR.IL";"A.MIO_NAC.CO.S2.ASS.F_TR.IN";"A.MIO_NAC.CO.S2.ASS.F_TR.IS";"A.MIO_NAC.CO.S2.ASS.F_TR.IT";"A.MIO_NAC.CO.S2.ASS.F_TR.JP";"A.MIO_NAC.CO.S2.ASS.F_TR.KR";"A.MIO_NAC.CO.S2.ASS.F_TR.LT";"A.MIO_NAC.CO.S2.ASS.F_TR.LU";"A.MIO_NAC.CO.S2.ASS.F_TR.LV";"A.MIO_NAC.CO.S2.ASS.F_TR.ME";"A.MIO_NAC.CO.S2.ASS.F_TR.MK";"A.MIO_NAC.CO.S2.ASS.F_TR.MT";"A.MIO_NAC.CO.S2.ASS.F_TR.MX";"A.MIO_NAC.CO.S2.ASS.F_TR.NL";"A.MIO_NAC.CO.S2.ASS.F_TR.NO";"A.MIO_NAC.CO.S2.ASS.F_TR.PL";"A.MIO_NAC.CO.S2.ASS.F_TR.PT";"A.MIO_NAC.CO.S2.ASS.F_TR.RO";"A.MIO_NAC.CO.S2.ASS.F_TR.RS";"A.MIO_NAC.CO.S2.ASS.F_TR.RU";"A.MIO_NAC.CO.S2.ASS.F_TR.SE";"A.MIO_NAC.CO.S2.ASS.F_TR.SI";"A.MIO_NAC.CO.S2.ASS.F_TR.SK";"A.MIO_NAC.CO.S2.ASS.F_TR.TR";"A.MIO_NAC.CO.S2.ASS.F_TR.UK";"A.MIO_NAC.CO.S2.ASS.F_TR.US";"A.MIO_NAC.NCO.S11.ASS.F_TR.AT";"A.MIO_NAC.NCO.S11.ASS.F_TR.AU";"A.MIO_NAC.NCO.S11.ASS.F_TR.BE";"A.MIO_NAC.NCO.S11.ASS.F_TR.BG";"A.MIO_NAC.NCO.S11.ASS.F_TR.BR";"A.MIO_NAC.NCO.S11.ASS.F_TR.CA";"A.MIO_NAC.NCO.S11.ASS.F_TR.CH";"A.MIO_NAC.NCO.S11.ASS.F_TR.CL";"A.MIO_NAC.NCO.S11.ASS.F_TR.CO";"A.MIO_NAC.NCO.S11.ASS.F_TR.CY";"A.MIO_NAC.NCO.S11.ASS.F_TR.CZ";"A.MIO_NAC.NCO.S11.ASS.F_TR.DE";"A.MIO_NAC.NCO.S11.ASS.F_TR.DK";"A.MIO_NAC.NCO.S11.ASS.F_TR.EA19";"A.MIO_NAC.NCO.S11.ASS.F_TR.EE";"A.MIO_NAC.NCO.S11.ASS.F_TR.EL";"A.MIO_NAC.NCO.S11.ASS.F_TR.ES";"A.MIO_NAC.NCO.S11.ASS.F_TR.EU28";"A.MIO_NAC.NCO.S11.ASS.F_TR.FI";"A.MIO_NAC.NCO.S11.ASS.F_TR.FR";"A.MIO_NAC.NCO.S11.ASS.F_TR.HR";"A.MIO_NAC.NCO.S11.ASS.F_TR.HU";"A.MIO_NAC.NCO.S11.ASS.F_TR.IE";"A.MIO_NAC.NCO.S11.ASS.F_TR.IL";"A.MIO_NAC.NCO.S11.ASS.F_TR.IN";"A.MIO_NAC.NCO.S11.ASS.F_TR.IS";"A.MIO_NAC.NCO.S11.ASS.F_TR.IT";"A.MIO_NAC.NCO.S11.ASS.F_TR.JP";"A.MIO_NAC.NCO.S11.ASS.F_TR.KR";"A.MIO_NAC.NCO.S11.ASS.F_TR.LT";"A.MIO_NAC.NCO.S11.ASS.F_TR.LU";"A.MIO_NAC.NCO.S11.ASS.F_TR.LV";"A.MIO_NAC.NCO.S11.ASS.F_TR.ME";"A.MIO_NAC.NCO.S11.ASS.F_TR.MK";"A.MIO_NAC.NCO.S11.ASS.F_TR.MT";"A.MIO_NAC.NCO.S11.ASS.F_TR.MX";"A.MIO_NAC.NCO.S11.ASS.F_TR.NL";"A.MIO_NAC.NCO.S11.ASS.F_TR.NO";"A.MIO_NAC.NCO.S11.ASS.F_TR.PL";"A.MIO_NAC.NCO.S11.ASS.F_TR.PT";"A.MIO_NAC.NCO.S11.ASS.F_TR.RO";"A.MIO_NAC.NCO.S11.ASS.F_TR.RS";"A.MIO_NAC.NCO.S11.ASS.F_TR.RU";"A.MIO_NAC.NCO.S11.ASS.F_TR.SE";"A.MIO_NAC.NCO.S11.ASS.F_TR.SI";"A.MIO_NAC.NCO.S11.ASS.F_TR.SK";"A.MIO_NAC.NCO.S11.ASS.F_TR.TR";"A.MIO_NAC.NCO.S11.ASS.F_TR.UK";"A.MIO_NAC.NCO.S11.ASS.F_TR.US";"A.MIO_NAC.NCO.S12.ASS.F_TR.AT";"A.MIO_NAC.NCO.S12.ASS.F_TR.AU";"A.MIO_NAC.NCO.S12.ASS.F_TR.BE";"A.MIO_NAC.NCO.S12.ASS.F_TR.BG";"A.MIO_NAC.NCO.S12.ASS.F_TR.BR";"A.MIO_NAC.NCO.S12.ASS.F_TR.CA";"A.MIO_NAC.NCO.S12.ASS.F_TR.CH";"A.MIO_NAC.NCO.S12.ASS.F_TR.CL";"A.MIO_NAC.NCO.S12.ASS.F_TR.CO";"A.MIO_NAC.NCO.S12.ASS.F_TR.CY";"A.MIO_NAC.NCO.S12.ASS.F_TR.CZ";"A.MIO_NAC.NCO.S12.ASS.F_TR.DE";"A.MIO_NAC.NCO.S12.ASS.F_TR.DK";"A.MIO_NAC.NCO.S12.ASS.F_TR.EA19";"A.MIO_NAC.NCO.S12.ASS.F_TR.EE";"A.MIO_NAC.NCO.S12.ASS.F_TR.EL";"A.MIO_NAC.NCO.S12.ASS.F_TR.ES";"A.MIO_NAC.NCO.S12.ASS.F_TR.EU28";"A.MIO_NAC.NCO.S12.ASS.F_TR.FI";"A.MIO_NAC.NCO.S12.ASS.F_TR.FR";"A.MIO_NAC.NCO.S12.ASS.F_TR.HR";"A.MIO_NAC.NCO.S12.ASS.F_TR.HU";"A.MIO_NAC.NCO.S12.ASS.F_TR.IE";"A.MIO_NAC.NCO.S12.ASS.F_TR.IL";"A.MIO_NAC.NCO.S12.ASS.F_TR.IN";"A.MIO_NAC.NCO.S12.ASS.F_TR.IS";"A.MIO_NAC.NCO.S12.ASS.F_TR.IT";"A.MIO_NAC.NCO.S12.ASS.F_TR.JP";"A.MIO_NAC.NCO.S12.ASS.F_TR.KR";"A.MIO_NAC.NCO.S12.ASS.F_TR.LT";"A.MIO_NAC.NCO.S12.ASS.F_TR.LU";"A.MIO_NAC.NCO.S12.ASS.F_TR.LV";"A.MIO_NAC.NCO.S12.ASS.F_TR.ME";"A.MIO_NAC.NCO.S12.ASS.F_TR.MK";"A.MIO_NAC.NCO.S12.ASS.F_TR.MT";"A.MIO_NAC.NCO.S12.ASS.F_TR.MX";"A.MIO_NAC.NCO.S12.ASS.F_TR.NL";"A.MIO_NAC.NCO.S12.ASS.F_TR.NO";"A.MIO_NAC.NCO.S12.ASS.F_TR.PL";"A.MIO_NAC.NCO.S12.ASS.F_TR.PT";"A.MIO_NAC.NCO.S12.ASS.F_TR.RO";"A.MIO_NAC.NCO.S12.ASS.F_TR.RS";"A.MIO_NAC.NCO.S12.ASS.F_TR.RU";"A.MIO_NAC.NCO.S12.ASS.F_TR.SE";"A.MIO_NAC.NCO.S12.ASS.F_TR.SI";"A.MIO_NAC.NCO.S12.ASS.F_TR.SK";"A.MIO_NAC.NCO.S12.ASS.F_TR.TR";"A.MIO_NAC.NCO.S12.ASS.F_TR.UK";"A.MIO_NAC.NCO.S12.ASS.F_TR.US";"A.MIO_NAC.NCO.S13.ASS.F_TR.AT";"A.MIO_NAC.NCO.S13.ASS.F_TR.AU";"A.MIO_NAC.NCO.S13.ASS.F_TR.BE";"A.MIO_NAC.NCO.S13.ASS.F_TR.BG";"A.MIO_NAC.NCO.S13.ASS.F_TR.BR";"A.MIO_NAC.NCO.S13.ASS.F_TR.CA";"A.MIO_NAC.NCO.S13.ASS.F_TR.CH";"A.MIO_NAC.NCO.S13.ASS.F_TR.CL";"A.MIO_NAC.NCO.S13.ASS.F_TR.CO";"A.MIO_NAC.NCO.S13.ASS.F_TR.CY";"A.MIO_NAC.NCO.S13.ASS.F_TR.CZ";"A.MIO_NAC.NCO.S13.ASS.F_TR.DE";"A.MIO_NAC.NCO.S13.ASS.F_TR.DK";"A.MIO_NAC.NCO.S13.ASS.F_TR.EA19";"A.MIO_NAC.NCO.S13.ASS.F_TR.EE";"A.MIO_NAC.NCO.S13.ASS.F_TR.EL";"A.MIO_NAC.NCO.S13.ASS.F_TR.ES";"A.MIO_NAC.NCO.S13.ASS.F_TR.EU28";"A.MIO_NAC.NCO.S13.ASS.F_TR.FI";"A.MIO_NAC.NCO.S13.ASS.F_TR.FR";"A.MIO_NAC.NCO.S13.ASS.F_TR.HR";"A.MIO_NAC.NCO.S13.ASS.F_TR.HU";"A.MIO_NAC.NCO.S13.ASS.F_TR.IE";"A.MIO_NAC.NCO.S13.ASS.F_TR.IL";"A.MIO_NAC.NCO.S13.ASS.F_TR.IN";"A.MIO_NAC.NCO.S13.ASS.F_TR.IS";"A.MIO_NAC.NCO.S13.ASS.F_TR.IT";"A.MIO_NAC.NCO.S13.ASS.F_TR.JP";"A.MIO_NAC.NCO.S13.ASS.F_TR.KR";"A.MIO_NAC.NCO.S13.ASS.F_TR.LT";"A.MIO_NAC.NCO.S13.ASS.F_TR.LU";"A.MIO_NAC.NCO.S13.ASS.F_TR.LV";"A.MIO_NAC.NCO.S13.ASS.F_TR.ME";"A.MIO_NAC.NCO.S13.ASS.F_TR.MK";"A.MIO_NAC.NCO.S13.ASS.F_TR.MT";"A.MIO_NAC.NCO.S13.ASS.F_TR.MX";"A.MIO_NAC.NCO.S13.ASS.F_TR.NL";"A.MIO_NAC.NCO.S13.ASS.F_TR.NO";"A.MIO_NAC.NCO.S13.ASS.F_TR.PL";"A.MIO_NAC.NCO.S13.ASS.F_TR.PT";"A.MIO_NAC.NCO.S13.ASS.F_TR.RO";"A.MIO_NAC.NCO.S13.ASS.F_TR.RS";"A.MIO_NAC.NCO.S13.ASS.F_TR.RU";"A.MIO_NAC.NCO.S13.ASS.F_TR.SE";"A.MIO_NAC.NCO.S13.ASS.F_TR.SI";"A.MIO_NAC.NCO.S13.ASS.F_TR.SK";"A.MIO_NAC.NCO.S13.ASS.F_TR.TR";"A.MIO_NAC.NCO.S13.ASS.F_TR.UK";"A.MIO_NAC.NCO.S13.ASS.F_TR.US";"A.MIO_NAC.NCO.S14_S15.ASS.F_TR.AT";"A.MIO_NAC.NCO.S14_S15.ASS.F_TR.AU";"A.MIO_NAC.NCO.S14_S15.ASS.F_TR.BE";"A.MIO_NAC.NCO.S14_S15.ASS.F_TR.BG";"A.MIO_NAC.NCO.S14_S15.ASS.F_TR.BR";"A.MIO_NAC.NCO.S14_S15.ASS.F_TR.CA";"A.MIO_NAC.NCO.S14_S15.ASS.F_TR.CH";"A.MIO_NAC.NCO.S14_S15.ASS.F_TR.CL";"A.MIO_NAC.NCO.S14_S15.ASS.F_TR.CO";"A.MIO_NAC.NCO.S14_S15.ASS.F_TR.CY";"A.MIO_NAC.NCO.S14_S15.ASS.F_TR.CZ";"A.MIO_NAC.NCO.S14_S15.ASS.F_TR.DE";"A.MIO_NAC.NCO.S14_S15.ASS.F_TR.DK";"A.MIO_NAC.NCO.S14_S15.ASS.F_TR.EA19";"A.MIO_NAC.NCO.S14_S15.ASS.F_TR.EE";"A.MIO_NAC.NCO.S14_S15.ASS.F_TR.EL";"A.MIO_NAC.NCO.S14_S15.ASS.F_TR.ES";"A.MIO_NAC.NCO.S14_S15.ASS.F_TR.EU28";"A.MIO_NAC.NCO.S14_S15.ASS.F_TR.FI";"A.MIO_NAC.NCO.S14_S15.ASS.F_TR.FR";"A.MIO_NAC.NCO.S14_S15.ASS.F_TR.HR";"A.MIO_NAC.NCO.S14_S15.ASS.F_TR.HU";"A.MIO_NAC.NCO.S14_S15.ASS.F_TR.IE";"A.MIO_NAC.NCO.S14_S15.ASS.F_TR.IL";"A.MIO_NAC.NCO.S14_S15.ASS.F_TR.IN";"A.MIO_NAC.NCO.S14_S15.ASS.F_TR.IS";"A.MIO_NAC.NCO.S14_S15.ASS.F_TR.IT";"A.MIO_NAC.NCO.S14_S15.ASS.F_TR.JP";"A.MIO_NAC.NCO.S14_S15.ASS.F_TR.KR";"A.MIO_NAC.NCO.S14_S15.ASS.F_TR.LT";"A.MIO_NAC.NCO.S14_S15.ASS.F_TR.LU";"A.MIO_NAC.NCO.S14_S15.ASS.F_TR.LV";"A.MIO_NAC.NCO.S14_S15.ASS.F_TR.ME";"A.MIO_NAC.NCO.S14_S15.ASS.F_TR.MK";"A.MIO_NAC.NCO.S14_S15.ASS.F_TR.MT";"A.MIO_NAC.NCO.S14_S15.ASS.F_TR.MX";"A.MIO_NAC.NCO.S14_S15.ASS.F_TR.NL";"A.MIO_NAC.NCO.S14_S15.ASS.F_TR.NO";"A.MIO_NAC.NCO.S14_S15.ASS.F_TR.PL";"A.MIO_NAC.NCO.S14_S15.ASS.F_TR.PT";"A.MIO_NAC.NCO.S14_S15.ASS.F_TR.RO";"A.MIO_NAC.NCO.S14_S15.ASS.F_TR.RS";"A.MIO_NAC.NCO.S14_S15.ASS.F_TR.RU";"A.MIO_NAC.NCO.S14_S15.ASS.F_TR.SE";"A.MIO_NAC.NCO.S14_S15.ASS.F_TR.SI";"A.MIO_NAC.NCO.S14_S15.ASS.F_TR.SK";"A.MIO_NAC.NCO.S14_S15.ASS.F_TR.TR";"A.MIO_NAC.NCO.S14_S15.ASS.F_TR.UK";"A.MIO_NAC.NCO.S14_S15.ASS.F_TR.US";"A.MIO_NAC.NCO.S2.ASS.F_TR.AT";"A.MIO_NAC.NCO.S2.ASS.F_TR.AU";"A.MIO_NAC.NCO.S2.ASS.F_TR.BE";"A.MIO_NAC.NCO.S2.ASS.F_TR.BG";"A.MIO_NAC.NCO.S2.ASS.F_TR.BR";"A.MIO_NAC.NCO.S2.ASS.F_TR.CA";"A.MIO_NAC.NCO.S2.ASS.F_TR.CH";"A.MIO_NAC.NCO.S2.ASS.F_TR.CL";"A.MIO_NAC.NCO.S2.ASS.F_TR.CO";"A.MIO_NAC.NCO.S2.ASS.F_TR.CY";"A.MIO_NAC.NCO.S2.ASS.F_TR.CZ";"A.MIO_NAC.NCO.S2.ASS.F_TR.DE";"A.MIO_NAC.NCO.S2.ASS.F_TR.DK";"A.MIO_NAC.NCO.S2.ASS.F_TR.EA19";"A.MIO_NAC.NCO.S2.ASS.F_TR.EE";"A.MIO_NAC.NCO.S2.ASS.F_TR.EL";"A.MIO_NAC.NCO.S2.ASS.F_TR.ES";"A.MIO_NAC.NCO.S2.ASS.F_TR.EU28";"A.MIO_NAC.NCO.S2.ASS.F_TR.FI";"A.MIO_NAC.NCO.S2.ASS.F_TR.FR";"A.MIO_NAC.NCO.S2.ASS.F_TR.HR";"A.MIO_NAC.NCO.S2.ASS.F_TR.HU";"A.MIO_NAC.NCO.S2.ASS.F_TR.IE";"A.MIO_NAC.NCO.S2.ASS.F_TR.IL";"A.MIO_NAC.NCO.S2.ASS.F_TR.IN";"A.MIO_NAC.NCO.S2.ASS.F_TR.IS";"A.MIO_NAC.NCO.S2.ASS.F_TR.IT";"A.MIO_NAC.NCO.S2.ASS.F_TR.JP";"A.MIO_NAC.NCO.S2.ASS.F_TR.KR";"A.MIO_NAC.NCO.S2.ASS.F_TR.LT";"A.MIO_NAC.NCO.S2.ASS.F_TR.LU";"A.MIO_NAC.NCO.S2.ASS.F_TR.LV";"A.MIO_NAC.NCO.S2.ASS.F_TR.ME";"A.MIO_NAC.NCO.S2.ASS.F_TR.MK";"A.MIO_NAC.NCO.S2.ASS.F_TR.MT";"A.MIO_NAC.NCO.S2.ASS.F_TR.MX";"A.MIO_NAC.NCO.S2.ASS.F_TR.NL";"A.MIO_NAC.NCO.S2.ASS.F_TR.NO";"A.MIO_NAC.NCO.S2.ASS.F_TR.PL";"A.MIO_NAC.NCO.S2.ASS.F_TR.PT";"A.MIO_NAC.NCO.S2.ASS.F_TR.RO";"A.MIO_NAC.NCO.S2.ASS.F_TR.RS";"A.MIO_NAC.NCO.S2.ASS.F_TR.RU";"A.MIO_NAC.NCO.S2.ASS.F_TR.SE";"A.MIO_NAC.NCO.S2.ASS.F_TR.SI";"A.MIO_NAC.NCO.S2.ASS.F_TR.SK";"A.MIO_NAC.NCO.S2.ASS.F_TR.TR";"A.MIO_NAC.NCO.S2.ASS.F_TR.UK";"A.MIO_NAC.NCO.S2.ASS.F_TR.US"
"1995-12-31";NA;15025;15598,8;0;NA;NA;NA;NA;NA;4814,1;120931;50070;14909;NA;211,3;990;8414;NA;2093;0;NA;269316;NA;NA;NA;NA;-4494;NA;NA;295,6;NA;169;NA;NA;205,3;NA;21399;NA;8171,6;1548,7;429,2;NA;NA;117320;370;3660,7;NA;49350;NA;NA;67798;32971,6;65;NA;NA;NA;NA;NA;2266,3;441573;366272;109054;NA;323,7;9420,6;43833;NA;1031;0;NA;1444631;NA;NA;NA;NA;72014;NA;NA;607,8;NA;-378;NA;NA;1029;NA;120205;NA;35059,1;13729;105,6;NA;NA;92720;1500;3145,7;NA;381254;NA;NA;-5075;-3053,5;0;NA;18293;NA;NA;NA;140,9;-155704;-11609;-30910;NA;111,3;1642,8;303;NA;-1728;0;NA;363357;NA;NA;NA;NA;12212;23176300;NA;306,4;NA;107;NA;NA;70;NA;-17076;NA;5236,5;1179,4;8,9;NA;NA;-8061;15;1181,5;NA;-257;43888;NA;60369;21026,5;0;NA;NA;NA;NA;NA;771,2;249457;132603;90776;NA;117,8;11437,8;39603;NA;4177;0;NA;587114;NA;NA;NA;NA;105064;NA;NA;553,7;NA;-122;NA;NA;610,6;NA;24588;NA;26726;6665,6;237,9;NA;NA;78354;1423;1703,4;NA;102615;NA;NA;36149;30923,9;23;NA;NA;NA;NA;NA;3724,8;243858;132313;55324;NA;285,5;4167,1;27619;NA;-304;0;NA;863307;NA;NA;NA;NA;47371;NA;NA;747,9;NA;403;NA;NA;794,2;NA;81244;NA;13473,5;5967,3;103,4;NA;NA;70506;488;1115,3;NA;135954;NA;NA;NA;17896,2;0;NA;45673;NA;NA;NA;5489,3;105746;48116;-4740;NA;449,1;1005;15490;NA;5777;0;NA;789623;NA;NA;NA;NA;55274;7555000;NA;453,7;NA;347;NA;NA;665,1;NA;23245;78117;23885;-10984,2;860,5;NA;NA;59850;432;3667,9;NA;73591;503182;NA;NA;47238,2;65;NA;130448;NA;NA;NA;2494,6;608611;451813;160565;NA;430,4;10255,9;71720;NA;1195;0;NA;1461740;NA;NA;NA;NA;58790;99767100;NA;632,8;NA;-398;NA;NA;1283,9;NA;134283;79700;46044,2;23073;438,3;NA;NA;71516;1786;3165,3;NA;257511;1768629;NA;NA;-2780,5;0;NA;24646;NA;NA;NA;387,1;-150838;-12431;-3916;NA;118,8;3159,8;2654;NA;2695;0;NA;421890;NA;NA;NA;NA;19497;30003800;NA;312;NA;111;NA;NA;96,6;NA;-29346;44407;5936;1166,8;30,9;NA;NA;4128;0;1202,9;NA;619;-39025;NA;NA;21026,5;0;NA;40314;NA;NA;NA;774,5;249456;132603;89971;NA;118,5;11437,8;39603;NA;4185;0;NA;597864;NA;NA;NA;NA;110177;52378000;NA;553,7;NA;-123;NA;NA;610,6;NA;24856;30890;26726;6682,6;239;NA;NA;78354;1423;1703,4;NA;102036;657044;NA;NA;30923,9;23;NA;31229;NA;NA;NA;3724,8;243858;132313;55324;NA;285,5;4167,1;27619;NA;-304;0;NA;863307;NA;NA;NA;NA;47371;9286700;NA;747,9;NA;403;NA;NA;794,2;NA;81244;39019;13473,5;5967,3;103,4;NA;NA;70506;488;1115,3;NA;135954;357853
"1996-12-31";2947,3;13738;19818,9;648;NA;NA;NA;NA;NA;799,3;45511;57728;56590;NA;250,7;989,4;17365;NA;3321;62542;NA;404107;NA;NA;NA;NA;14959;NA;NA;159;NA;94;NA;NA;54,9;NA;26921;81379;16635,8;4726,5;1457,2;NA;NA;-155492;225;3801,9;NA;27939;NA;24850,3;61444;24873,4;1737;NA;NA;NA;NA;NA;4781,3;218500;398855;182895;NA;561;13709;83389;NA;2308;137779;NA;308122;NA;NA;NA;NA;120025;NA;NA;230,9;NA;498;NA;NA;964,6;NA;145948;111458;42195,5;17586,8;1203,3;NA;NA;166749;1519;3624,1;NA;415499;NA;-2508,7;-7598;-6748,9;712;NA;19987;NA;NA;NA;155,6;-27680;-8312;-21037;NA;47,5;3819,1;7692;NA;-949;31942;NA;-113653;NA;NA;NA;NA;6706;12530700;NA;132;NA;54;NA;NA;-7,8;NA;-211;56174;11302,7;-476,8;-209,9;NA;NA;-21140;131;-1561,9;NA;-2653;73807;12039,5;55258;27130;400;NA;NA;NA;NA;NA;-152,3;53962;140594;19878;NA;124,1;12083,7;40377;NA;625;70490;NA;757303;NA;NA;NA;NA;87436;NA;NA;312,2;NA;160;NA;NA;654,6;NA;33485;48846;30507;9202,1;415,6;NA;NA;167258;996;2553,1;NA;108945;NA;12767,3;37914;11409,4;928;NA;NA;NA;NA;NA;752,8;175419;124468;108973;NA;502,5;7909,7;26748;NA;3625;40427;NA;278978;NA;NA;NA;NA;93436;NA;NA;1055,5;NA;641;NA;NA;751,5;NA;107442;99028;13625;10663,1;264,7;NA;NA;-179783;551;2280,1;NA;211402;NA;6578,2;NA;17171;1797;NA;90127;NA;NA;NA;3620,7;252070;68477;77432;NA;462,5;1059,4;36819;NA;6428;89415;NA;897240;NA;NA;NA;NA;8168;7334800;NA;770,9;NA;-21;NA;NA;42,7;NA;27664;156004;60545;8602,1;1527,6;NA;NA;-156814;533;3811,2;NA;66966;547038;32775,1;NA;54493,9;2162;NA;235420;NA;NA;NA;5328,5;260675;496830;269218;NA;714;13665,8;92737;NA;-2853;359631;NA;441215;NA;NA;NA;NA;160637;57978100;NA;263,1;NA;531;NA;NA;1057,7;NA;156521;173986;57607;27059,6;1104,3;NA;NA;103678;1771;4191,2;NA;438315;1829461;-1501,5;NA;-3954,2;712;NA;17198;NA;NA;NA;420,9;-24218;-7857;-2831;NA;51,3;5329,8;12060;NA;2217;24516;NA;-131354;NA;NA;NA;NA;12668;10411200;NA;147,8;NA;76;NA;NA;18,3;NA;374;59956;11547;-243,6;68,6;NA;NA;3853;78;-1568,2;NA;-7861;35491;12039,5;NA;27130;400;NA;34182;NA;NA;NA;-147,3;53696;140594;18873;NA;132,1;12083,7;40377;NA;633;70526;NA;767553;NA;NA;NA;NA;91055;44443900;NA;312,2;NA;160;NA;NA;654,6;NA;33829;48846;30507;9232,7;415,6;NA;NA;167258;996;2553,1;NA;103323;698913;12767,3;NA;11409,4;928;NA;47960;NA;NA;NA;752,8;175419;124468;108973;NA;502,5;7909,7;26748;NA;3625;40427;NA;278978;NA;NA;NA;NA;93436;9262700;NA;1055,5;NA;641;NA;NA;751,5;NA;107442;99028;13625;10663,1;264,7;NA;NA;-179783;551;2280,1;NA;211402;465738
"1997-12-31";3750;41665;20221,6;2317;NA;NA;NA;NA;NA;749,2;65007;33086;27310;NA;648;-112,2;31027;NA;6401;57827;NA;622480;NA;NA;NA;NA;23714;NA;NA;449,4;NA;312;NA;NA;160;NA;21303;81368;28835,1;7957,1;10943,4;NA;NA;-127626;912;4982,1;NA;79779;NA;24000,9;75205;31978,6;5720;NA;NA;NA;NA;NA;2623,4;290439;477409;298250;NA;1321,7;9394,2;78296;NA;7170;232448;NA;657888;NA;NA;NA;NA;135552;NA;NA;818;NA;735;NA;NA;1178,6;NA;224014;100682;59388,1;26451,6;1918;NA;NA;235801;1370;2926,3;NA;-30591;NA;787,6;1368;-2528,7;3778;NA;12940;NA;NA;NA;162,6;-12838;-6784;-23294;NA;134,1;1245,9;-7633;NA;-858;22185;NA;-301823;NA;NA;NA;NA;28;29175300;NA;272,6;NA;113;NA;NA;121,4;NA;-4081;71893;17678,9;-1983,7;-604,6;NA;NA;4680;44;-151,6;NA;2000;109548;10445,7;77310;23867,9;4009;NA;NA;NA;NA;NA;540,4;117712;127034;63744;NA;193,3;9263,8;41613;NA;1934;88941;NA;885178;NA;NA;NA;NA;107993;NA;NA;1727,8;NA;312;NA;NA;695,7;NA;38579;51780;40491,5;10318,8;1563,6;NA;NA;138769;856;1989,7;NA;104593;NA;15740,8;39966;35659,5;1707;NA;NA;NA;NA;NA;1105,1;264847;229592;198919;NA;1275,2;6014,1;45870;NA;7329;160430;NA;790324;NA;NA;NA;NA;87497;NA;NA;1339;NA;967;NA;NA;938,9;NA;181602;84299;29169,4;19249,2;402,3;NA;NA;-87516;706;3009,7;NA;240356;NA;9562;NA;39117;8576;NA;81075;NA;NA;NA;2392,1;180403;31344;74333;NA;693,9;63,8;37990;NA;14874;126409;NA;1367092;NA;NA;NA;NA;26046;-35800100;NA;843,8;NA;444;NA;NA;223,6;NA;24787;319361;62446,1;9447,4;3961,4;NA;NA;-102442;1530;4994,1;NA;82134;399647;34508,6;NA;31384,5;7053;NA;251451;NA;NA;NA;3737,3;460258;576192;436757;NA;1821,6;17162,1;104600;NA;6964;545189;NA;884741;NA;NA;NA;NA;175642;164158200;NA;846;NA;872;NA;NA;1294,8;NA;240770;131113;72149,4;34508,8;2374;NA;NA;413245;2342;2198;NA;439544;2364024;1239,1;NA;-701,2;3778;NA;13720;NA;NA;NA;459,1;-9217;-5906;-12282;NA;145,7;1960,3;-3754;NA;789;19213;NA;-186038;NA;NA;NA;NA;-1572;30356600;NA;308,7;NA;173;NA;NA;146,6;NA;-4372;75341;17771,9;-1405,2;152,4;NA;NA;8042;74;-150,4;NA;-1549;96021;10445,7;NA;23867,9;4009;NA;27085;NA;NA;NA;547;117882;127034;63089;NA;197,3;9263,8;41613;NA;1926;89162;NA;889428;NA;NA;NA;NA;112956;38221100;NA;1727,8;NA;312;NA;NA;695,7;NA;38942;51780;40491,5;10345,5;1108;NA;NA;138769;856;1989,7;NA;99560;547172;15740,8;NA;35659,5;1707;NA;67481;NA;NA;NA;1105,1;264847;229592;198919;NA;1275,2;6014,1;45870;NA;7329;160430;NA;790324;NA;NA;NA;NA;87497;-12204500;NA;1339;NA;967;NA;NA;938,9;NA;181602;84299;29169,4;19249,2;402,4;NA;NA;-87516;706;3009,7;NA;240356;500224
"1998-12-31";4347,7;37968;38537,6;322;NA;NA;NA;NA;NA;699,2;53592;95915;91380;NA;-2,2;208,2;39121;NA;10789;61908;NA;435824;NA;NA;NA;NA;31414;NA;NA;98,6;NA;125;NA;NA;105,7;NA;42569;120744;10886,8;10435,8;-11,3;NA;NA;68425;342;2544,7;NA;73378;NA;18952,8;58383;36165,3;1329;NA;NA;NA;NA;NA;4031,8;208328;595333;323115;NA;250;12046,8;107502;NA;17324;141942;NA;803891;NA;NA;NA;NA;192299;NA;NA;810,8;NA;320;NA;NA;2559,9;NA;223628;68883;77982,6;29643,6;2266,8;NA;NA;152532;1866;2005,1;NA;303550;NA;1704,6;5615;-1096,9;-13;NA;12681;NA;NA;NA;29,3;-46493;-19721;-34152;NA;-4,1;-55,7;1478;NA;991;6862;NA;-235262;NA;NA;NA;NA;-3891;-11159000;NA;-243,2;NA;-61;NA;NA;19,7;NA;-328;40829;-3349,6;-565,5;-118,1;NA;NA;45951;79;107,1;NA;1122;95892;10070;59240;26429,3;1666;NA;NA;NA;NA;NA;531,2;77703;142699;65722;NA;38,4;2829,4;42819;NA;3989;63249;NA;1102972;NA;NA;NA;NA;67114;NA;NA;323;NA;-13;NA;NA;616,8;NA;42370;68640;50080,6;12090,1;2239,8;NA;NA;137070;1289;1604;NA;83154;NA;20881,8;40831;16053,2;37;NA;NA;NA;NA;NA;428,6;195576;351183;74810;NA;616;15276,2;67387;NA;6368;130855;NA;1262320;NA;NA;NA;NA;118853;NA;NA;1552,5;NA;449;NA;NA;2237,9;NA;191995;140649;40170,2;23692,8;348,6;NA;NA;152266;727;2515,4;NA;129056;NA;5089,7;NA;29878,2;3299;NA;68011;NA;NA;NA;2423,2;390077;120190;77224;NA;781;444,2;85660;NA;18017;121607;NA;1203299;NA;NA;NA;NA;48513;-12875400;NA;502;NA;378;NA;NA;212;NA;45165;229613;105782,4;13996,1;8271,7;NA;NA;281422;1094;2560;NA;135871;794869;50037,2;NA;63013,7;989;NA;184972;NA;NA;NA;4221;294919;705340;458615;NA;506;16089,9;130028;NA;19824;552442;NA;1121546;NA;NA;NA;NA;232716;40023800;NA;1122,3;NA;327;NA;NA;2692,6;NA;238600;117013;118934,6;40491,3;2762,2;NA;NA;240988;2152;2181,1;NA;190579;2663270;4789,9;NA;-957,6;-9;NA;13145;NA;NA;NA;292,6;-45039;-21686;-21322;NA;-1,6;316,3;6310;NA;2605;-5106;NA;-147677;NA;NA;NA;NA;-5773;-8374800;NA;-206,5;NA;-54;NA;NA;24;NA;4856;42242;-3440;105,4;277,1;NA;NA;37121;131;527,8;NA;-3264;139956;10070;NA;26429,3;1666;NA;34042;NA;NA;NA;547,2;77751;142699;65620;NA;50;2829,4;42819;NA;4005;63080;NA;1107222;NA;NA;NA;NA;70252;29848100;NA;323;NA;-13;NA;NA;616,8;NA;42762;68640;50351,3;12126,2;2239,8;NA;NA;137070;1289;1604;NA;81651;744395;20881,8;NA;16053,2;37;NA;66450;NA;NA;NA;428,6;195576;351183;74810;NA;616;15276,2;67387;NA;6368;130855;NA;1262320;NA;NA;NA;NA;118853;-11724500;NA;1552,5;NA;449;NA;NA;2237,9;NA;191995;140649;40170,2;23692,8;348,6;NA;NA;152266;727;2515,4;NA;129056;423985
"1999-12-31";12030,5;14782;8956,5;473;NA;NA;NA;NA;NA;3913,1;91357;202943;33318;NA;-29,7;13543,6;68025;NA;6867;133358;NA;687320;NA;NA;NA;NA;66389;NA;NA;67,2;3118,7;42;NA;NA;270,4;NA;59136;105186;15259,7;13403,1;397,2;NA;NA;565673;793;1258,1;NA;286862;NA;51601,6;106133;59589,7;1626;NA;NA;NA;NA;NA;4598,4;275827;625616;276496;NA;481,7;32317,1;111493;NA;13694;313303;NA;2206685;NA;NA;NA;NA;180397;NA;NA;88,7;244607,1;433;NA;NA;2459,6;NA;256471;162476;71145;29734,2;698,4;NA;NA;139447;1666;1741,2;NA;578177;NA;4752,4;-4665;2601,3;730;NA;50333;NA;NA;NA;-13,9;16432;5770;22427;NA;-127,5;672,4;9121;NA;712;-1939;NA;-24239;544;NA;NA;NA;8032;25725100;NA;18,2;558,4;1;NA;NA;81,4;NA;-495;106126;6586,8;-113,6;2134,6;NA;NA;-24378;36;2065,4;NA;-4117;148288;16627,9;46542;22469,9;1453;NA;NA;NA;NA;NA;1336,9;53718;153082;28707;NA;61,1;9035,4;49301;NA;4571;71826;NA;1024042;NA;NA;NA;NA;101409;NA;NA;-54;1438;-71;NA;NA;350,1;NA;40406;70764;39370,2;18547,6;7433;NA;NA;189906;1125;1438,4;NA;79546;NA;53818;64990;77677,9;259;NA;NA;NA;NA;NA;1240;247121;319505;317950;NA;699,4;17447,3;100743;NA;21367;296541;NA;3626964;NA;NA;NA;NA;182785;NA;NA;1409,2;239231,1;751;NA;NA;2124,7;NA;274537;157614;52390,1;17580;1913,1;NA;NA;344513;1636;-702,7;NA;217809;NA;17779;NA;30710,4;3805;NA;92632;NA;NA;NA;6439,6;138549;203758;87125;NA;876,8;13898,1;135319;NA;17334;246616;NA;1416498;NA;NA;NA;NA;135782;10662100;NA;148,3;3552,8;171;NA;NA;-22,6;NA;60363;423249;80458,1;14987,8;14134;NA;NA;581305;2075;1277,8;NA;177623;1154640;73654;NA;79196,1;1740;NA;190487;NA;NA;NA;6597,5;245740;696710;336050;NA;790,1;39053,1;128401;NA;19782;818143;NA;2258123;NA;NA;NA;NA;259484;51672700;NA;58,1;308214;475;NA;NA;2625;NA;270202;207784;65996,6;54742;-22,4;NA;NA;142423;1950;3206,7;NA;254010;2843666;7197,4;NA;2766,9;730;NA;46337;NA;NA;NA;304,3;18182;5153;31131;NA;-127,1;1514,4;10853;NA;-1600;6360;NA;-68990;544;NA;NA;NA;7584;27576100;NA;26,5;676,5;40;NA;NA;89,4;NA;3405;103625;25112,3;759,3;2290,5;NA;NA;-1275;181;2083,2;NA;7881;171819;16627,9;NA;22469,9;1453;NA;31829;NA;NA;NA;1345,3;54345;153082;27881;NA;77,6;9035,4;49301;NA;4575;71871;NA;1031542;NA;NA;NA;NA;106733;29992000;NA;-54;1449,1;-71;NA;NA;350,1;NA;40835;70764;42072,1;18575,7;7433;NA;NA;189906;1125;1438,4;NA;82820;192891;53818;NA;77677,9;259;NA;22102;NA;NA;NA;1240;247121;319505;317950;NA;699,4;17447,3;100743;NA;21367;296541;NA;3626964;NA;NA;NA;NA;182785;-7083600;NA;1409,2;239231,1;751;NA;NA;2124,7;NA;274537;157614;52390,1;17580;1913,1;NA;NA;344513;1636;-702,7;NA;217809;588087
"2000-12-31";9561,7;12300;42014,5;587,7;NA;NA;NA;NA;NA;2827,6;85791;308812;234055;NA;177;2685,6;97273;NA;24453;241870;NA;982335;NA;NA;NA;NA;23680;NA;NA;-244,5;6440,8;187;NA;NA;39,1;NA;68965;242237;-548,2;9391,7;960,4;NA;NA;288288;923;3540,6;NA;110835;NA;53157,7;114191;22143,8;3378,2;NA;NA;NA;NA;NA;4669,3;197056;491160;463706;NA;844,9;19501,6;137413;NA;20855;277798;NA;4403919;NA;NA;NA;NA;122943;NA;NA;803,2;264130,7;1144;NA;NA;1152,7;NA;222956;218959;48056,6;37713,3;4033,5;NA;NA;422777;2264;7437,7;NA;-123438;NA;4841,7;13661;129,1;2024;NA;29414;6051;NA;NA;258,6;-15849;30609;-4803;NA;28,6;2594,3;9616;NA;9441;7096;NA;-237956;2199;NA;NA;NA;14022;21353100;NA;82,8;1777,1;-74;NA;NA;-57,4;NA;-2390;343460;-15562,8;-651,4;414;NA;NA;-111718;1;-712,5;NA;-2600;-1638;18926,8;65152;22234,3;2936,8;NA;NA;NA;NA;NA;297,8;69327;118856;46069;NA;104,8;8762,4;43291;NA;2001;63611;NA;1090968;NA;NA;NA;NA;114812;NA;NA;441,5;585,7;374;NA;NA;446,4;NA;41182;93262;29964,1;14845,9;9208,7;NA;NA;170497;1612;1519,1;NA;94491;NA;55355,1;61547;45305,5;3138,8;NA;NA;NA;NA;NA;3339,3;200299;367383;353661;NA;711,3;20738,9;170227;NA;36524;316294;NA;5390978;NA;NA;NA;NA;110469;NA;NA;869;250772,8;1017;NA;NA;1206,2;NA;224247;346572;73470,3;39897,2;5594,8;NA;NA;402045;1766;4084,7;NA;520021;NA;9693,3;NA;68209,7;4862,7;NA;83882;36301;NA;NA;4068,8;239853;328445;133460;NA;626,4;2816,1;180355;NA;41726;324231;NA;1800932;NA;NA;NA;NA;33323;1228800;NA;256,4;6630,7;431;NA;NA;-109;NA;70872;426016;61591,9;20947,1;22248,8;NA;NA;419212;2284;3565,8;NA;314524;1456517;64419;NA;9612,9;3300,8;NA;211068;NA;NA;NA;7012,7;205791;564569;551787;NA;1451,4;23836,1;127491;NA;15742;757371;NA;4837361;NA;NA;NA;NA;183648;51089200;NA;800,3;321893,5;1155;NA;NA;1235,6;NA;263382;229499;69432,1;40770,3;4045,9;NA;NA;634936;2713;6663,1;NA;623715;2886256;7196,9;NA;1334,8;2033;NA;31136;4224;NA;NA;566,8;-11565;29316;-2529;NA;15;3685,3;9898;NA;3287;900;NA;-212409;4174;NA;NA;NA;-2774;25995600;NA;111,4;1881;-7;NA;NA;40,3;NA;2523;349319;-12608,4;-159;561,3;NA;NA;-52217;53;-324,5;NA;31602;5363;18926,8;NA;22234,3;2991,8;NA;33586;33149;NA;NA;300,7;69490;118856;46147;NA;133;8762,4;43291;NA;2049;64081;NA;1098968;NA;NA;NA;NA;119700;16353500;NA;441,5;586,1;374;NA;NA;446,4;NA;41598;93262;27135,7;14887,9;9208,7;NA;NA;170497;1612;1519,1;NA;93560;614012;55355,1;NA;45305,5;3138,8;NA;105893;NA;NA;NA;3339,3;200299;367383;353661;NA;711,3;20738,9;170227;NA;36524;316294;NA;5390978;NA;NA;NA;NA;110469;3528700;NA;869;250772,8;1017;NA;NA;1206,2;NA;224247;346572;73470,3;39897,2;5594,8;NA;NA;402045;1766;4084,7;NA;520021;750143
"2001-12-31";6598;37039;17449,7;1539,8;NA;NA;NA;NA;NA;1303,9;112889;120151;82352;NA;591,2;6659,7;64285;NA;10236;149831;NA;1078317;NA;NA;NA;NA;56562;NA;NA;230,3;17592,5;-4;NA;NA;240,9;NA;48335;61306;12908,7;11439,5;3096,5;NA;NA;52403;519;2919,5;NA;21482;NA;25281,5;86575;92207,3;2100,5;NA;NA;NA;NA;NA;4767,8;167263;458457;123777;NA;779,2;11877,9;109156;NA;13170;356893;NA;6213067;NA;NA;NA;NA;126392;NA;NA;1266,5;251305,8;1007;NA;NA;24;NA;309197;152151;78322,8;33424,7;10968,2;NA;NA;255459;3966;9289,7;NA;503541;NA;6890,3;13639;742,7;21;NA;43925;-2274;NA;NA;411,7;1500;-50782;-15974;NA;88,7;5086,3;-1649;NA;8281;567;NA;479423;2201;NA;NA;NA;11553;-13857400;NA;-201,4;1207,3;83;NA;NA;47,3;NA;-2385;243935;-9295,8;202,3;2285,5;NA;NA;127780;-171;-445,9;NA;-485;133176;12781,2;97450;24887,5;2033,9;NA;NA;NA;NA;NA;-274,3;127117;118697;117928;NA;177,3;8031,9;47112;NA;2767;107304;NA;1306520;NA;NA;NA;NA;143606;NA;NA;519,9;1474;93;NA;NA;895,1;NA;27967;88175;49929,4;15171,1;7849,7;NA;NA;166436;2980;1214,3;NA;121196;NA;33087,3;56570;100553,2;962,9;NA;NA;NA;NA;NA;650,3;283531;340275;124352;NA;1013,3;20960,2;95715;NA;24125;352870;NA;6522824;NA;NA;NA;NA;72331;NA;NA;1034,3;244871,9;1053;NA;NA;-592,1;NA;307584;72893;32332,1;38402,2;13288,4;NA;NA;-198170;1576;2583,1;NA;288461;NA;6740,2;NA;41905,8;2112,8;NA;61287;16227;NA;NA;1876,5;173112;133503;114346;NA;1526,8;6668,6;141520;NA;10252;210024;NA;1672685;NA;NA;NA;NA;72979;-13404900;NA;419,1;21993,9;749;NA;NA;524,1;NA;55558;711;56961,6;13290,6;25256,2;NA;NA;23559;1626;2951,9;NA;91763;336435;49065,9;NA;108443,2;2563,5;NA;236325;NA;NA;NA;6289,9;200226;494905;515084;NA;1112,8;8417,2;144234;NA;17874;853569;NA;5979263;NA;NA;NA;NA;136702;-32540500;NA;1378;307908,9;1286;NA;NA;56,8;NA;356416;187563;77324,6;39205,8;11192,1;NA;NA;343943;5378;9972,1;NA;555448;3189750;10453,6;NA;5430,8;35;NA;43767;-6326;NA;NA;781,3;12929;-50784;6154;NA;88,4;5710,3;-1022;NA;4083;13288;NA;401776;2793;NA;NA;NA;14573;4094400;NA;-139,3;1266,5;121;NA;NA;-23,1;NA;2097;257457;-6112,1;1508,6;4923,2;NA;NA;-74796;-147;-178,7;NA;-14467;153015;12781,2;NA;24887,5;2025,9;NA;30329;46130;NA;NA;-272;126153;118697;117969;NA;196,9;8031,9;47112;NA;2735;107226;NA;1319520;NA;NA;NA;NA;148541;11739300;NA;519,9;1481,2;94;NA;NA;895,1;NA;28306;88175;49060,2;15208,8;7849,7;NA;NA;166533;2980;1214,3;NA;123100;951898;33087,3;NA;100553,2;962,9;NA;81359;NA;NA;NA;650,3;283531;340275;124352;NA;1013,3;20960,2;95715;NA;24125;352870;NA;6522824;NA;NA;NA;NA;72331;-7743000;NA;1034,3;244871,9;1053;NA;NA;-592,1;NA;307584;72893;32332,1;38402,2;13288,4;NA;NA;-198170;1576;2583,1;NA;288461;631315
"2002-12-31";5729,2;25655;26385,8;1285,4;NA;NA;NA;NA;NA;-981,6;59824;61225;-100229;278345,5;312,8;1670,1;63991;356020,9;16584;31784;14972,5;1225178;11671;NA;NA;NA;-4613;NA;NA;270,3;19827,7;152;NA;NA;193,7;NA;40693;116097;6094,8;221,4;6055,6;NA;NA;15012;1195;2746,4;NA;48008;NA;18698,2;156573;57303,7;3105,7;NA;NA;NA;NA;NA;227,3;380492;290506;161236;NA;1019,4;14713,7;143691;NA;3918;344914;37411,1;2645033;171443;NA;NA;NA;88738;NA;NA;1059,5;237148,8;1464;NA;NA;1698,9;NA;299263;231478;21622,5;30028,3;18294,1;NA;NA;84453;2961;7344,7;NA;1082750;NA;2512,6;4778;-1130,6;-665;NA;20569;2986;NA;NA;140,6;-60671;-23899;5457;NA;199,4;-212,8;10451;NA;6460;25620;2327,3;-50672;1269;NA;NA;NA;10172;-3433700;NA;67,7;809,5;-64;NA;NA;-51,2;NA;-2142;272405;2917,3;3311,7;1523,4;NA;NA;-3925;230;-3540;NA;-6263;54215;14960,4;106832;19410,5;2447,2;NA;NA;NA;NA;NA;-554,4;136290;116938;99440;NA;137;1421,9;67604;NA;4678;103550;11995,4;1399954;10626;NA;NA;NA;136043;NA;NA;496,1;1923,4;383;NA;NA;658,9;NA;37266;121599;19241;12607,5;14515,8;NA;NA;225844;2216;1120,3;NA;159725;NA;18434,2;76880;60473,4;2867,1;NA;NA;NA;NA;NA;187,6;240331;224105;145668;1567857;1142,4;25294,6;113346;1850309,2;26236;328222;30014;3034405;177626;NA;NA;NA;36282;NA;NA;824,5;234796,9;1230;NA;NA;1072,3;NA;287751;277341;19947,8;25841,8;14948,6;NA;NA;-348477;3004;2115,2;NA;166718;NA;8992;NA;25247,9;4254,4;NA;56887;2330;NA;NA;-3638,8;158079;106484;-88469;520146,3;980,7;2320,7;88037;721183,6;8256;95875;48954,5;1990174;30823;NA;NA;NA;64252;8410600;NA;843,7;31227;309;NA;NA;1419,8;NA;33189;182767;8427,3;20978,9;11748,3;NA;NA;-85813;2368;2788;NA;122156;219177;24665,3;NA;59269,1;3657,1;NA;244940;NA;NA;NA;1207,4;576656;323328;330364;NA;1667,9;18648,4;167983;NA;8994;982667;38458,9;3198035;175537;NA;NA;NA;206586;2029800;NA;1141,5;309765,7;1785;NA;NA;2051,7;NA;330353;327270;3974,3;32401,2;17625,2;NA;NA;155295;4814;8878,1;NA;354086;2654327;4926,2;NA;4687,5;-658;NA;15930;1799;NA;NA;456,3;-94251;-24581;14012;NA;210;2797,2;15272;NA;3615;38556;2200,4;41759;1971;NA;NA;NA;10033;4734200;NA;45,3;807,1;-35;NA;NA;11,1;NA;3394;272210;3632,6;4438;3205,3;NA;NA;6149;344;-3811;NA;-4721;82122;14960,4;NA;19410,5;2423,2;NA;31777;44491;NA;NA;-549,4;136448;116938;99068;NA;158,5;1421,9;67604;NA;4641;103786;11995,4;1407454;10626;NA;NA;NA;140833;-764000;NA;496,1;1933;383;NA;NA;658,9;NA;36297;121599;18681,3;12637,7;14494,2;NA;NA;225984;2216;1120,3;NA;150549;708468;18434,2;NA;60473,4;2867,1;NA;58176;NA;NA;NA;187,6;240331;224105;145668;1567857;1142,4;25294,6;113346;1850309,2;26236;328222;30014;3034405;177626;NA;NA;NA;36282;7691200;NA;824,5;234796,9;1230;NA;NA;1072,3;NA;287751;277341;19947,8;25841,8;14948,6;NA;NA;-348477;3004;2115,2;NA;166718;705364
"2003-12-31";11394,2;30059;39687,2;1885,3;NA;NA;NA;NA;NA;1227;-50354;54739;51921;382162,2;324,5;6468;68407;458308,6;9373;63420;6066,9;1525546;-7873;NA;NA;NA;33038;NA;NA;1126,4;51331,4;334;NA;NA;163,5;NA;46059;100811;29135,4;822,7;4578,9;NA;NA;138879;914;1580,4;NA;27606;NA;36513,1;159904;103615;4369;NA;NA;NA;NA;NA;3116,4;223143;323922;275184;NA;1454,2;22414,9;201651;NA;10424;451222;43189,8;2331390;253378;NA;NA;NA;152874;NA;NA;2432,9;279889,4;2102;NA;NA;2568,6;NA;328207;272431;63290,6;39249,8;15849,3;NA;NA;117948;2471;7491;NA;148935;NA;407,4;8093;-1317,2;264;NA;26111;-5502;NA;NA;257,7;-67916;137;-5929;NA;328,5;-693;-3889;NA;8946;37953;-635,6;-63803;2048;NA;NA;NA;-8288;21636200;NA;-138,9;664,9;93;NA;NA;60,3;NA;-433;243580;-2753;-618,9;1581,5;NA;NA;33837;-297;-261,3;NA;-8083;143229;15959,4;103857;29530,4;2692,9;NA;NA;NA;NA;NA;-808,7;121647;142608;127494;NA;-196,5;24601,6;54856;NA;6836;108904;19321,1;1398663;10261;NA;NA;NA;106306;NA;NA;1156,2;2291,7;538;NA;NA;838,4;NA;42091;128276;20223,7;12336,7;17147;NA;NA;257208;1888;1157,8;NA;166565;NA;30568,1;87422;93666,6;4572,9;NA;NA;NA;NA;NA;1521,7;170050;189723;176408;1792567,6;1854,2;8271,3;133975;2449685,6;17353;421806;49178,3;3014614;218161;NA;NA;NA;109730;NA;NA;1351,4;259048,5;1551;NA;NA;1957,6;NA;259958;203813;48830,7;37261,6;21477,1;NA;NA;-98618;1942;3651,6;NA;416092;NA;13899,2;NA;45642,7;9210,3;NA;54805;10935;9334027,8;NA;1585,2;175751;59953;-39673;598187,2;799,2;6194,7;113091;729259,5;16327;127180;47481,5;3499307;-818;NA;NA;NA;49760;10260900;NA;691;95125,2;1079;NA;NA;1113,5;257482,9;47154;147880;43849;16088,3;34162,4;NA;NA;-56180;1971;1633,8;NA;64486;169487;56432,5;NA;125053,9;5264;NA;248292;NA;7902379,8;NA;4345,4;205965;316412;476159;NA;2016,8;28339,2;282841;NA;11702;1155588;45001,9;3033198;269269;NA;NA;NA;178633;3390800;NA;2734,1;397765,1;2348;NA;NA;2730,7;273280,3;340309;296681;53379,9;55144,7;17148,3;NA;NA;213301;3132;7272,2;NA;761762;3316040;1799,9;NA;-4926,6;223;NA;26944;-6311;613879,6;NA;612,2;-121949;-105;3960;NA;342,5;2222;1519;NA;8523;32141;-157,5;195551;2252;NA;NA;NA;-17859;24045100;NA;-142,1;561;94;NA;NA;-2,5;-8668;4839;235546;-10926,2;1275;1959,7;NA;NA;35790;-156;-599,4;NA;-1368;164051;15959,4;NA;29530,4;2669,9;NA;17081;52706;5325942,8;NA;-808,7;121939;142608;127490;NA;-189,7;24601,6;54856;NA;6844;108966;19321,1;1402163;10261;NA;NA;NA;110569;-4254900;NA;1156,2;2311,9;545;NA;NA;838,4;-890932,3;42502;128276;20614,6;12353,9;17656,4;NA;NA;257306;1888;1157,8;NA;159314;1201985;30568,1;NA;93666,6;4572,9;NA;36034;NA;4261079,6;NA;1521,7;170050;189723;176408;1792567,6;1854,2;8271,3;133975;2449685,6;17353;421806;49178,3;3014614;218161;NA;NA;NA;109730;19610900;NA;1351,4;259048,5;1551;NA;NA;1957,6;1078266,2;259958;203813;48830,7;37261,6;21477,1;NA;NA;-98618;1942;3651,6;NA;416092;761807
"2004-12-31";7871,4;7600;3809,6;2556,8;NA;NA;NA;NA;NA;442,8;49021;43030;-146761;292924,3;613;3219;50429;329062,6;3218;57991;4720,2;1063251;5267;NA;NA;NA;44266;NA;NA;245,8;15714,4;721;NA;NA;104,1;NA;47463;115581;33620;6402,5;18282,5;NA;NA;183542;470;2128,1;NA;10932;NA;60727,8;151799;139099,7;8985,5;NA;NA;NA;NA;NA;317,8;217148;146467;157848;NA;2679,8;29911,9;222543;NA;25113;647073;42119,8;1834637;274788;NA;NA;NA;127230;NA;NA;2385,4;263755,2;3538;NA;NA;12447;NA;270502;250034;81638;33333,1;49669,1;NA;NA;400920;3467;12175,3;NA;308872;NA;-5116;8482;619,1;-32;NA;23136;-1803;NA;NA;218;11620;-13909;7979;NA;369,1;3744,7;10906;NA;7059;-2616;-934,7;387346;2960;NA;NA;NA;13196;-6554100;NA;-201,4;156,2;147;NA;NA;10,1;NA;-1700;352751;-3348;861,4;4200;NA;NA;49100;56;767,4;NA;-1614;31710;17800,4;122245;29670,7;3351,6;NA;NA;NA;NA;NA;240;157351;134386;142110;NA;341;30314,9;73142;NA;8248;86307;15853,3;1663197;13951;NA;NA;NA;137744;NA;NA;603,9;1996,7;705;NA;NA;372,7;NA;29206;146167;19940;16912,1;15489,7;NA;NA;218235;2199;1200,1;NA;150124;NA;58580,7;85883;109142,6;5337,8;NA;NA;NA;NA;NA;5369,3;281119;46412;14339;1905871,3;2582,7;15586,3;155415;2868957,4;20778;574585;32416,2;2710102;287197;NA;NA;NA;69870;NA;NA;2065,1;266992,9;3026;NA;NA;11532,4;NA;242952;275239;47898;27242,1;39214;NA;NA;277626;2735;4733,9;NA;599820;NA;7908,4;NA;16585,4;12146,8;NA;71675;37707;9779005,4;NA;1329,2;50668;6860;-25720;518822,2;2424,4;3610,6;129996;671458,5;9979;164553;14690;2446170;7730;NA;NA;1021340;61044;19653000;NA;2953,4;20402,2;1386;NA;NA;352;617426,9;52605;310119;33022;27705,1;38209,9;NA;NA;207454;-350;2208,1;NA;65927;1152509;94694,5;NA;157264,7;10279,1;NA;396627;NA;11570486,8;NA;5241,1;193218;185075;519864;NA;3052,3;21363,7;336034;NA;28187;1364623;42390,6;2871817;307896;NA;NA;936092;151339;-20341400;NA;2489,6;408831,5;3852;NA;NA;12459,4;332891,9;279380;279965;95003;39081,4;50895,1;NA;NA;579272;3326;12108,8;NA;978821;3947766;-3705,4;NA;3903,8;-86;NA;29211;-28;1633298,3;NA;499,6;-6174;-14332;14116;NA;579;7126,7;19011;NA;5402;-2556;-4604,1;468400;3038;NA;NA;11777;6298;14013900;NA;-207,7;233,8;211;NA;NA;4,9;-185872,8;-2862;375702;-1156;4820,8;4714,9;NA;NA;59444;90;751,6;NA;8217;57638;17800,4;NA;29670,7;3351,6;NA;36861;50790;4891213,1;NA;257,6;157164;134386;142065;NA;341;30314,9;73142;NA;8292;86311;15853,3;1670197;13951;NA;NA;NA;142379;5478800;NA;603,9;2012,2;710;NA;NA;372,7;576226,8;29505;146167;19940;16950,5;14941,3;NA;NA;218488;2199;1200,1;NA;152922;1237819;58580,7;NA;109142,6;5337,8;NA;41797;NA;5505331,5;NA;5369,3;281119;46412;14339;1905871,3;2582,7;15586,3;155415;2868957,4;20778;574585;32416,2;2710102;287197;NA;NA;590480;69870;17344000;NA;2065,1;266992,9;3026;NA;NA;11532,4;356604,3;242952;275239;47898;27242,1;39214;NA;NA;277626;2735;4733,9;NA;599820;1208118
"2005-12-31";10746,7;-4403;22089,9;3811,6;NA;NA;NA;NA;NA;1510,1;168038;39652;138825;540447,7;1375,3;6863,5;87103;719311,5;9931;133371;4985,5;1120777;49744;NA;NA;NA;62779;NA;NA;2068,9;4119,9;1297;NA;NA;241,3;NA;100148;265949;46388;2835,7;19335,3;NA;NA;319486;1646;3704,2;NA;65755;NA;130359,7;194080;163068,2;7223,8;NA;NA;NA;NA;NA;14910,7;387307;678427;809346;NA;4391,1;52651,6;324545;NA;26556;885424;56703,9;7750650;486590;NA;NA;NA;246090;NA;NA;4791,1;518971,4;3802;NA;NA;24659,4;NA;345036;465215;96015;38893,3;69247,7;NA;NA;454790;5791;9663;NA;1130196;NA;1449,4;20983;329,1;-2135;NA;61613;-8942;NA;NA;109,7;-26826;-7175;-6506;NA;291,3;2351,3;21585;NA;1586;19920;3311,4;-469726;3705;NA;NA;NA;23137;-8009800;NA;121,7;0,8;-41;NA;NA;43,8;NA;6798;311848;8303;572,1;1710,7;NA;NA;62783;-135;-3221,6;NA;2485;259141;21079,2;101668;28115,5;2916,9;NA;NA;NA;NA;NA;4230,8;185871;137538;154561;NA;756,4;36351,2;93717;NA;6953;118184;20575,9;1970200;17689;NA;NA;NA;147725;NA;NA;1400,3;2618,8;2273;NA;NA;1000,9;NA;36699;207927;65713;10654,2;39814,3;NA;NA;284467;2448;2987,6;NA;117468;NA;119284,3;46870;141165,3;9763,3;NA;NA;NA;NA;NA;8737,5;448491;533773;349133;3372492,6;2582,8;23826,3;229319;4633403,9;24940;831288;28336,2;8217500;346877;NA;NA;NA;223867;NA;NA;3597,1;499657,4;2796;NA;NA;25075,4;NA;315595;370054;59706;32512,7;32766;NA;NA;256817;5010;3161,9;NA;755936;NA;15555,5;NA;26134,2;6156,6;NA;92476;32773;8535958,7;NA;3992,4;250028;47897;73546;773929,9;2543,8;6153,8;189404;1083391,7;6059;228351;16228,9;3312103;60996;NA;NA;1288140;57494;16578200;NA;3292,5;4601,7;2191;NA;NA;544,4;-25583,2;111739;484566;61492;1293,2;44003,4;NA;NA;508568;2738;3677,2;NA;130111;1384038;169136;NA;170652,6;9512,5;NA;351865;NA;13319201,9;NA;18118,6;445225;684990;1082536;NA;4430,1;49722;505681;NA;31309;1311923;57485;9113580;520744;NA;NA;2024703;305870;18089200;NA;5874,4;732532,9;4836;NA;NA;24919,7;1174392,7;443654;602454;128267;48954;70073,3;NA;NA;745807;6671;14983,1;NA;1118660;4009723;5792,9;NA;2280;-2144;NA;66204;-7010;2448970,1;NA;568,2;-82069;-7484;-12505;NA;392,3;4428,3;26281;NA;1080;33184;2860,9;-451630;4239;NA;NA;6454;10819;810300;NA;163,2;23,8;109;NA;NA;39,8;174748,8;7283;316117;11473;796,4;2753,9;NA;NA;61444;-88;-1021,1;NA;14200;391630;21079,2;NA;28115,5;2916,9;NA;36525;55619;5429140,7;NA;4265,6;185492;137538;154446;NA;756,4;36351,2;93717;NA;6999;118240;20575,9;1976200;17689;NA;NA;NA;152907;13400200;NA;1400,3;2639,1;2275;NA;NA;1000,9;-399927,7;37505;207927;65713;10676,2;39320,4;NA;NA;284728;2448;2987,6;NA;117132;1214506;119284,3;NA;141165,3;9763,3;NA;64610;NA;5854894,5;NA;8737,5;448491;533773;349133;3372492,6;2582,8;23826,3;229319;4633403,9;24940;831288;28336,2;8217500;346877;NA;NA;1737101;223867;27673800;NA;3597,1;499657,4;2796;NA;NA;25075,4;379921,1;315595;370054;59706;32512,7;32766;NA;NA;256817;5010;3161,9;NA;755936;1064863
"2006-12-31";17744,1;81256;44634,1;9017;NA;NA;NA;NA;NA;1208,1;101169;258953;258417;835474,3;1976,9;5310,6;139267;1084653,8;5955;118037;14053,6;2213767;33122;NA;NA;NA;89959;NA;NA;1316,8;14815;1413;NA;NA;111,2;NA;79851;328079;72188;13867,6;27884,6;NA;NA;249110;1427;7999,6;NA;97285;NA;103132;324621;132956,8;13004;NA;NA;NA;NA;NA;13451,3;307568;934641;500652;NA;5329,8;36572,6;364392;NA;32695;1108220;77668,3;6158430;457546;NA;NA;NA;278955;NA;NA;6857,9;500836,4;7892;NA;NA;21775,7;NA;681782;656982;146172;49958,2;88360,2;NA;NA;625562;5596;-628,9;NA;1334307;NA;-192,1;32887;2439,7;2194;NA;49522;-4649;NA;NA;-121,7;1890;9547;68698;NA;518,2;1167,3;30257;NA;6750;-28528;-1120,9;-135548;4013;NA;NA;NA;17890;-24343800;NA;141,7;873,9;423;NA;NA;-157,3;NA;-6833;751913;11770;586,9;-1772,8;NA;NA;17306;229;-1287,7;NA;-4794;131107;21451,2;169283;25196,5;6843;NA;NA;NA;NA;NA;422,8;213180;131155;182706;NA;1265,7;22789,4;99408;NA;7378;149075;39030,5;2135824;15274;NA;NA;NA;106499;NA;NA;1872,5;2397,3;3258;NA;NA;1015,3;NA;16378;123925;58057;16558,3;14237,1;NA;NA;256751;1980;4225,5;NA;181115;NA;97604,8;178551;123305,3;18139,2;NA;NA;NA;NA;NA;14724,9;216798;553693;251934;4033549,5;4250,9;42839,2;261512;5277442,3;27461;1100584;51798,9;6607743;374598;NA;NA;NA;222739;NA;NA;5367,3;509907,8;6646;NA;NA;21580,7;NA;613895;785951;111796;41820,2;62175,2;NA;NA;475129;4667;7473,5;NA;724983;NA;28255,9;NA;70965;17754,8;NA;146970;82735;3960216,2;NA;4545,8;159253;294998;503654;1211143;2598,2;4937,3;234208;1599062,4;19401;244160;47797;4528808;27828;NA;NA;1425650;145113;25183300;NA;2919,9;19313;2033;NA;NA;364,9;1160849,5;87161;578605;98515;13174,6;125476,6;NA;NA;327330;2488;8137,3;NA;126660;1221355;135861;NA;169335,2;16460;NA;548601;NA;15746186,3;NA;18342,3;257404;1008243;870371;NA;5289,7;40232,6;511999;NA;42123;1838858;78025,5;7054816;520515;NA;NA;2716100;383100;-75024100;NA;6740,8;636446,1;9611;NA;NA;23091;1325112,8;689763;744062;179404;61348;87327,5;NA;NA;742849;5609;-4973,6;NA;1446194;4584835;765,6;NA;1983,3;2306;NA;51792;-4352;5149002,8;NA;176,8;-26764;9191;68524;NA;568,3;2611,3;29848;NA;5942;-12899;-91,6;-447052;4052;NA;NA;161557;14205;-14281700;NA;218,6;834,7;799;NA;NA;-156,2;283498,6;-9201;757296;15926;2301,1;2265,1;NA;NA;33254;71;2103,9;NA;10905;195498;21451;NA;25196,5;6843;NA;47789;77013;6316059,8;NA;430,6;212341;131155;182885;NA;1252,7;22789,4;99408;NA;7422;149132;39030,5;2138324;15274;NA;NA;NA;110232;16169200;NA;1872,5;2421,7;3241;NA;NA;1015,3;-391961,1;15850;123925;58057;16578,4;13540,8;NA;NA;257021;1980;4225,5;NA;180949;1137422;97604,8;NA;123305,3;18139,2;NA;132610;NA;9447796;NA;14724,9;216798;553693;251934;4033549,5;4250,9;42839,2;261512;5277442,3;27461;1100584;51798,9;6607743;374598;NA;NA;2727023;222739;21117300;NA;5367,3;509907,8;6646;NA;NA;21580,7;1497562,8;613895;785951;111796;41820,2;62175,2;NA;NA;475129;4667;7473,5;NA;724983;1501725
"2007-12-31";25217,2;48143;71451;6104,7;NA;NA;NA;NA;NA;3422,4;104885;197992;115872;906538,4;1740,3;14653,3;100423;1172752,4;19544;147732;18044,5;1758474;34026;NA;NA;NA;96855;NA;NA;1976,8;60727,4;1755;NA;NA;542;NA;107949;383763;40917;12627,8;5591,8;NA;NA;329614;2248;6316,4;NA;127413;NA;106540,2;343738;250741;23920,9;NA;NA;NA;NA;NA;14112,6;627427;610128;774473;NA;6115,1;56989,6;303734;NA;29456;1521443;79979,4;14219070;413103;NA;NA;NA;226133;NA;NA;8561,1;554372,3;10267;NA;NA;41771,6;NA;671246;653860;244106;53132,9;108737,7;NA;NA;778894;12183;9044;NA;905557;NA;4739,6;41774;3068,3;714,4;NA;45789;4881;NA;NA;452,2;76357;16565;10043;NA;514,8;391,5;23273;NA;8664;13783;250,2;63961;3730;NA;NA;NA;-4917;-16074500;NA;254,9;2233,1;353;NA;NA;102,5;NA;6944;492465;16216;-1056,9;5519,1;NA;NA;-4607;-151;664,5;NA;-5041;142890;22587,8;219937;22534,7;18126,4;NA;NA;NA;NA;NA;686,9;275606;115214;122811;NA;1035,8;27770,8;49838;NA;5667;148586;51592;1981792;8629;NA;NA;NA;71597;NA;NA;-1254,6;4108,3;2287;NA;NA;427,2;NA;22934;129353;94830;13143,7;44202,4;NA;NA;310354;2968;4018,9;NA;166683;NA;108630,6;157027;249041,2;25622;NA;NA;NA;NA;NA;18358,2;371268;338314;450309;4303044,1;6080,1;63618,4;244162;6197720,9;25013;1420913;54466,2;14632515;362847;NA;NA;NA;175247;NA;NA;7343;515285,9;10289;NA;NA;41204,5;NA;660811;642708;129888;40731,2;57282,6;NA;NA;572839;11618;3827,4;NA;1114582;NA;39701,4;NA;91168,1;25814,6;NA;222079;107426;10192424,4;NA;7172;297286;234908;123082;1252567;2206,1;15587,7;170869;1646348,8;25281;280684;46878,8;4421310;68843;NA;NA;5194149;82283;23254200;NA;8210,5;78121,5;4762;NA;NA;1174,9;285122,8;104592;706810;105285;25133,9;136534,4;NA;NA;462171;6111;6398,2;NA;144157;1550992;166223,5;NA;338845,3;27873,7;NA;510939;NA;23545770,8;NA;22036,9;770451;799898;1311999;NA;6793,3;73458,5;670356;NA;32044;2309784;83855,8;15447939;429996;NA;NA;3604009;312216;-11762500;NA;9186,3;704308,9;11034;NA;NA;43195,8;2569327,7;927745;983947;275693;69881;112772,9;NA;NA;772711;10894;9934,6;NA;1628808;5240741;6529,3;NA;13904,5;778,8;NA;50913;6271;6449052,5;NA;771,9;86640;16282;27867;NA;703,7;1465,5;27488;NA;9191;21819;1723,4;-10874;4621;NA;NA;80685;-5295;-6367000;NA;335,8;2174,6;1156;NA;NA;105,7;358254,3;11661;497626;16865;861,3;8781,1;NA;NA;-4332;665;657;NA;10260;222139;22587,7;NA;22534,7;18128,7;NA;56644;82079;6185075,5;NA;718,8;276482;115214;122987;NA;1036,5;27770,8;49838;NA;6103;148662;51592;1984792;8629;NA;NA;NA;75376;13863300;NA;-1254,6;4156,8;2287;NA;NA;427,2;567673;23083;129353;94830;13169,8;44392;NA;NA;310361;2968;4018,9;NA;160311;1615339;108630,6;NA;249041,2;25622;NA;145574;NA;13456040,4;NA;18358,2;371268;338314;450309;4303044,1;6080,1;63618,4;244162;6197720,9;25013;1420913;54466,2;14632515;362847;NA;NA;2514916;175247;33996100;NA;7343;515285,9;10289;NA;NA;41204,5;838057,5;660811;642708;129888;40731,2;57282,6;NA;NA;572839;11618;3827,4;NA;1114582;1470924
"2008-12-31";19444,3;130150;92386,1;4114,7;NA;NA;NA;NA;NA;6511,2;208611;-42373;58911;389646,9;569;18994,3;37164;641495,5;16582;81989;3831,6;885014;41196;NA;NA;NA;10044;NA;NA;1237,8;-6993,8;-188;NA;NA;462,3;NA;99878;101328;42531;10498,4;11943,8;NA;NA;-45238;1669;598,2;NA;174213;NA;45322,4;168447;14382,7;16628,6;NA;NA;NA;NA;NA;36216,7;320291;-306091;609768;NA;2006;64571;122475;NA;31615;209256;6220,2;15348392;159345;NA;NA;NA;73129;NA;NA;2576,1;-9706,5;2745;NA;NA;14651,7;NA;89429;629385;122291;37215,6;52895,5;NA;NA;-98500;4509;6068,4;NA;164796;NA;12875;47593;25402,9;752;NA;129535;6071;NA;NA;-647,3;45054;66967;188580;NA;-249,1;3764,3;11523;NA;8384;49365;6661,6;1365796;19186;NA;NA;NA;14349;-14677800;NA;-639;4714,4;1646;NA;NA;28,1;NA;84229;292328;4124;898,5;-7090,7;NA;NA;-75722;335;-86,3;NA;22229;446645;19714,8;180283;19746,3;7279,8;NA;NA;NA;NA;NA;917,7;244085;122631;91076;NA;500,4;20671,3;16332;NA;6355;110534;12370,9;1721980;6180;NA;NA;NA;86626;NA;NA;1289,5;1976,6;1044;NA;NA;260,4;NA;29243;78534;45022;5421,4;15646,9;NA;NA;260291;2190;3346,5;NA;88972;NA;44781,5;132199;76018,1;20135,9;NA;NA;NA;NA;NA;37110,9;254780;-484960;226504;331652,9;2269,8;73474,4;114380;-82298,1;31537;156514;66940,9;15734986;168077;NA;NA;NA;-39777;NA;NA;3459,1;18561;2680;NA;NA;14265,8;NA;78273;404794;217194;26358,7;57558,2;NA;NA;-83841;4229;4566,2;NA;-482083;NA;19743,2;NA;113064,7;18929,1;NA;169793;17826;5149265,3;NA;6156,6;-87650;-15276;-21509;534069,8;2514,5;18267,8;12308;905132,9;29030;127594;52235,1;1042260;64691;NA;NA;-2875558;3103;-20154700;80590300;4528;10512,2;801;NA;NA;1327,9;1091512,9;110677;683285;88146;19584,4;168078,7;NA;NA;148675;4352;1131,5;NA;215160;-513603;190624;NA;78344,3;15595;NA;728239;NA;22961032,7;NA;37146,9;324021;-118551;971821;NA;2199,9;94390,7;418783;NA;36368;925758;5613;15854133;195875;NA;NA;3358003;292519;-90571100;370732000;2668,9;98870,6;3303;NA;NA;14871,2;328801,7;240966;843381;171262;70478,4;49992,8;NA;NA;865153;8066;7784,4;NA;-66092;3550684;11971;NA;25641,1;812,4;NA;131212;5456;4982248,7;NA;1,3;62600;66720;162548;NA;-38,5;4678,3;21171;NA;8743;69130;6888,7;1535062;19511;NA;NA;287657;21156;-26241400;80070500;-546,2;4854,9;2376;NA;NA;43,2;612507,2;92210;341507;8416;4008,7;-6219,8;NA;NA;-97518;173;196,5;NA;68181;382147;19714,8;NA;19746,3;7281,2;NA;56559;47051;6098944,8;NA;936,6;246677;122631;91275;NA;499;20671,3;16332;NA;5907;110666;12370,9;1725980;6180;NA;NA;NA;91064;8715300;213509000;1289,5;1997,2;1044;NA;NA;260,4;835024,5;29029;78534;45022;5445,3;15680,9;NA;NA;260290;2190;3346,5;NA;77682;1532951;44781,5;NA;76018,1;20135,9;NA;101350;NA;9441730;NA;37110,9;254780;-484960;226504;331652,9;2269,8;73474,4;114380;-82298,1;31537;156514;66940,9;15734986;168077;NA;NA;7966318;-39777;-20582600;9129800;3459,1;18561;2680;NA;NA;14265,8;-105970,6;78273;404794;217194;26358,7;57558,2;NA;NA;-83841;4229;4566,2;NA;-482083;580549
"2009-12-31";10149,2;23314;27635,8;2208,4;NA;NA;NA;NA;NA;1735,8;-39629;78785;-91886;317641,4;51,9;2178,4;-6205;273609,3;-4887;90120;4793,3;1223725;1556;NA;NA;NA;6832;NA;NA;-1037,1;13370,9;-274;NA;NA;505,5;NA;95893;163348;25917;-250,5;7909,2;NA;NA;140503;-35;1515,4;NA;-51163;NA;-337,7;146160;-38470,9;1315;NA;NA;NA;NA;NA;60211;12006;95577;228703;NA;-344,5;36474,2;70774;NA;33929;117939;34262,3;-2751362;-782;NA;NA;NA;158129;NA;NA;-1335,5;205758,2;-1766;NA;NA;4693,3;NA;29851;208874;81561;36268,5;31366,5;NA;NA;-244692;2841;-1824,5;NA;459634;NA;-5195;26743;2538,4;-1372,7;NA;57658;-3995;NA;NA;485,2;3943;29830;54786;NA;93;4097,4;23900;NA;9593;111721;5995;-93018;2853;NA;NA;NA;20041;3129700;NA;565,9;-1385,6;816;NA;NA;178,5;NA;-26722;62648;-15632;2223,2;5821,5;NA;NA;4118;2235;-1029,9;NA;40259;322435;15510,3;153145;33516,6;6068,2;NA;NA;NA;NA;NA;1071;143720;146434;111448;NA;83,4;18647,1;22238;NA;7790;151601;10584,3;925023;7115;NA;NA;NA;38826;NA;NA;700,3;2161,7;2053;NA;NA;720,5;NA;37870;113590;95809;10363;37221,8;NA;NA;270094;1716;4456,7;NA;86139;NA;-15637,8;138499;-41063,8;7906,6;NA;NA;NA;NA;NA;63267,8;204337;16929;91909;624849,7;364,8;54121,2;47113;353586,2;39648;53964;33644;-51791;-28692;NA;NA;NA;87713;NA;NA;-869,5;201535,7;-1122;NA;NA;4288;NA;94050;-477957;78579;38130,6;43880,1;NA;NA;-660884;1154;9951;NA;-237034;NA;-2626,5;NA;48498,7;7676,6;NA;88708;66524;3711204,2;NA;2217,3;383260;49092;-92941;179814,6;-336,9;1932,1;-36791;240920,3;-11665;54620;21158,9;1542370;-1245;NA;NA;-1699036;-29406;11956000;160177100;-4390,8;24052,5;-985;NA;NA;1509,4;-1281943;83439;34308;66286;-363,7;91753,7;NA;NA;169294;382;1877,4;NA;-5453;179375;-20822,6;NA;-40835,5;2291;NA;163218;NA;18456984,1;NA;74004,1;55796;-222208;122718;NA;-1073,3;46026,1;135891;NA;32945;995300;33102;-1367289;1675;NA;NA;-2616783;237605;9465800;318295100;-1727,5;77851,9;-2459;NA;NA;5970,5;614204,7;262123;357823;102980;71506,2;34839,3;NA;NA;-251387;5555;-2443,5;NA;599630;-1135162;3027,7;NA;-1535,4;-1267,8;NA;79555;-2673;-2179392,7;NA;954,4;-5401;29111;64457;NA;346,8;6606,4;34802;NA;8859;79357;7053;-126202;2729;NA;NA;96193;10110;2127100;61962700;1494,7;-1501,8;919;NA;NA;171,7;23901,4;-20249;33300;-10817;1717,8;3190,1;NA;NA;27486;4280;-4419;NA;49742;325983;15510,3;NA;33516,6;6071,2;NA;72045;73449;5437516,1;NA;1091,3;143833;146434;110723;NA;84,3;18647,1;22238;NA;7698;151681;10584,3;929023;7115;NA;NA;NA;37573;12489300;144977700;700,3;2176,3;2053;NA;NA;720,5;-1192967,9;38633;113590;95809;10355,9;37341,2;NA;NA;269762;1716;4456,7;NA;81879;689986;-15637,8;NA;-41063,8;7906,6;NA;137691;NA;12896197;NA;63267,8;204337;16929;91909;624849,7;364,8;54121,2;47113;353586,2;39648;53964;33644;-51791;-28692;NA;NA;-167158;87713;256600;70005200;-869,5;201535,7;-1122;NA;NA;4288;520044,8;94050;-477957;78579;38130,6;43880,1;NA;NA;-660884;1154;9951;NA;-237034;294905
"2010-12-31";8762,2;86340;60310,5;783,9;NA;NA;NA;NA;NA;593,5;101661;89709;61368;609207,7;1811;10681,2;80831;697758,7;17510;111409;-4064,8;124563;15805;127604,9;NA;NA;94029;NA;NA;1368,4;-9005,6;561;NA;NA;493,6;NA;110412;308933;71283;10242,8;5010,8;NA;NA;177208;331;3357,7;44375,4;32924;NA;-27199,6;118717;-8788,7;2295,6;NA;NA;NA;NA;NA;15294,9;197601;118593;244658;NA;-1176,4;39331,4;-15623;NA;57611;310656;30020,6;-5729370;157888;131979,7;NA;NA;74464;NA;NA;-988,2;391062;-681;NA;NA;14378,3;NA;157971;307042;143834;33567,2;27398,8;NA;NA;13490;-1440;4530,4;166205,6;-88678;NA;151,3;11668;962;-2114,8;NA;49203;2139;NA;NA;-187,7;-6036;171232;42921;NA;65,3;4144;-15555;NA;6541;-26040;1167,4;-474423;-11710;8602,6;NA;NA;19807;-4588400;NA;684,1;2179,4;-45;NA;NA;178,5;NA;-3632;379887;-13351;5667,4;-498,2;NA;NA;14850;-844;86;39933,6;-7908;378687;12636,2;96992;28737,6;5208,5;NA;NA;NA;NA;NA;757,4;114463;153928;27668;NA;57;-13873,4;32757;NA;6629;162913;32925,2;869993;1162;201796,5;NA;NA;15699;NA;NA;-1188,4;3769,3;2332;NA;NA;985,2;NA;32650;132291;91641;7164,4;4583,8;NA;NA;301183;1635;3981,3;57530,2;97240;NA;-24545,4;98431;17669,4;738,4;NA;NA;NA;NA;NA;16677,6;254085;204430;128433;1172904,9;454,7;18068;14012;1548139,5;63934;164855;19464;-5683680;53555;57911,6;NA;NA;45844;NA;NA;693,4;401071,3;387;NA;NA;13654,5;NA;152771;354469;99372;23998,1;35252,9;NA;NA;-334002;273;5105,7;73815,3;315084;NA;19790;NA;55639,3;10852;463493,1;147112;49981;19640370,5;NA;2565,5;155654;161750;189921;890972,8;2573;9782,7;78181;1055513,1;18364;184221;5205;54668;-1512;NA;NA;-431180;98518;18672600;87418600;2749,9;2501,6;1150;NA;NA;1247,4;142371,3;237298;502050;131666;12879,3;59645,1;NA;NA;290679;-320;3603,7;311971,9;41882;720051;-65270,4;NA;-62295,2;4935,3;1512960,2;405762;NA;14142661,6;NA;19388,5;178291;55931;683669;NA;-2167,1;87709,7;20555;NA;68275;1076766;27007;-6826404;166880;NA;NA;-761750;-24992;51909300;295752500;-474,2;490554;-303;NA;NA;17647;1156996,4;135110;292352;185382;89785,5;26122,8;NA;NA;-576787;-2422;2898,4;173741,4;240508;294943;1559;NA;10716,1;-2052,3;225077,9;48641;4033;3734331,5;NA;355,6;4114;174962;27242;NA;359,9;7451;8072;NA;6231;35895;1943;-579719;-11775;NA;NA;27719;17860;2967100;60941500;1268,8;2248,1;-160;NA;NA;176,8;296862;-8527;409914;-1653;10687,2;-2198,2;NA;NA;4192;-1866;703,6;48043,7;-1172;402535;12636,2;NA;28737,6;5212,6;227885,7;53211;72065;8824717,1;NA;771,4;112850;153928;27592;NA;57,5;-13873,4;32757;NA;6632;162982;32925,2;873993;1162;NA;NA;NA;18186;15714100;147366500;-1188,4;3792,9;2332;NA;NA;985,2;1424116,6;33314;132291;91641;7182,8;4573,8;NA;NA;301347;1635;3981,3;57530,2;86899;747972;-24545,4;NA;17669,4;738,4;343744,9;146384;NA;17658999,9;NA;16677,6;254085;204430;128433;1172904,9;454,7;18068;14012;1548139,5;63934;164855;19464;-5683680;53555;NA;NA;922030;45844;29901400;51314800;693,4;401071,3;387;NA;NA;13654,5;846230,9;152771;354469;99372;23998,1;35252,9;NA;NA;-334002;273;5105,7;73815,3;315084;1107112
"2011-12-31";16851;60801;113446,1;2342,6;NA;NA;NA;NA;NA;3668,1;140764;109717;-32924;418245,8;1177;3986,6;3412;481537,1;-56;69487;-1375,3;418601;-6415;54255,5;NA;NA;16417;NA;NA;2267;7037,4;338;NA;NA;745,8;NA;76188;30362;48636;-2147,8;9503,5;NA;NA;150921;0;2128,3;17629;24922;NA;36779,9;183066;54130,7;5147,6;NA;NA;NA;NA;NA;35669,4;108946;48559;109339;NA;-610,8;-24311,8;44080;NA;77300;96231;22705,5;-2463187;-55864;128300,7;NA;NA;119996;NA;NA;1141,6;419163,8;-1596;NA;NA;8000,3;NA;387087;467491;120084;-37908,5;25075,7;NA;NA;-288790;322;3221,2;150075;95357;NA;1818,1;9237;7995;-848,8;NA;40204;4169;NA;NA;991,9;13869;3014;42791;NA;13,7;-219;-3222;NA;4416;6817;-4125,3;1216707;3817;7697,9;NA;NA;-4608;15316800;NA;-1238,7;533,5;-302;NA;NA;254,2;NA;-8957;41074;-21690;13984;10675;NA;NA;-70896;809;-113,2;18457,4;6228;-138534;9951,3;57760;31680,9;9251,2;NA;NA;NA;NA;NA;674;141733;139134;27422;NA;788,8;-10375,3;14493;NA;4273;101191;2809,1;607688;105;181325,6;NA;NA;38795;NA;NA;1342;3088,3;-262;NA;NA;688,9;NA;20500;136147;61305;10023,8;14876,5;NA;NA;251850;946;3473;44973,3;112032;NA;38504,6;111691;107514,8;972,6;NA;NA;NA;NA;NA;27732,7;99175;48453;-31246;1372969,9;-909,3;22598,1;64303;1460700;65257;95028;12037,4;760360;19189;20260,3;NA;NA;118669;NA;NA;2121,8;430823,8;-239;NA;NA;8286,4;NA;329921;104138;118355;-6594,2;27834;NA;NA;-527306;1122;1187;90207,7;92135;NA;23069,5;NA;98698,8;3848;447304,9;172385;41598;29431439,8;NA;5665;282457;122070;-41142;641023,9;2143,5;4027,2;-34698;789870,3;9252;196176;4365,3;3837093;-13226;81517,6;NA;-201824;78283;32068400;75756200;2267;17819,4;1691;NA;NA;1539;2250166;120979;143496;81604;2567,1;94006,8;NA;NA;273216;118;2590,8;-218947,4;47174;764831;72183,4;NA;137063,9;5334,6;1630206;439360;NA;32986716,2;NA;39718,3;228396;108552;266078;NA;-1290,2;-3674,4;155134;NA;135744;1457571;23545,7;-3366665;-123916;208213;NA;-1206761;311130;30130600;316138400;1965;607549,2;-2390;NA;NA;9993,1;1564553,3;579078;583423;147641;4091,7;23618,9;NA;NA;-401229;1066;3109,2;205225,6;106636;2034863;1367,5;NA;12723,6;-771,9;205900,2;40549;3009;5280480,9;NA;1314,6;143048;762;32844;NA;437,8;-1323;19726;NA;5940;-35263;-2549,1;1219246;3624;13786,2;NA;68430;-1222;2212300;72852800;-463,2;798,1;-276;NA;NA;256,3;633429,3;-7443;35216;6776;25073,6;13546,3;NA;NA;-48971;1923;-693;35619,7;17973;-168557;9951,3;NA;31680,9;9242,8;332076,3;50470;57999;8962611,3;NA;694,7;141533;139134;27366;NA;782,3;-10375,3;14493;NA;4319;101263;2809,1;611688;105;183604,6;NA;NA;39327;18938600;158546700;1342;3111,2;-262;NA;NA;688,9;2460678,2;19033;136147;61305;9998,8;15199,7;NA;NA;251986;946;3473;44973,3;100669;1472095;38504,6;NA;107514,8;972,6;285696,6;143326;NA;16327451,8;NA;27732,7;99175;48453;-31246;1372969,9;-909,3;22598,1;64303;1460700;65257;95028;12037,4;760360;19189;20260,3;NA;56830;118669;21088800;49544500;2121,8;430823,8;-239;NA;NA;8286,4;-541444,7;329921;104138;118355;-6594,2;27834;NA;NA;-527306;1122;1187;90207,7;92135;1070442
"2012-12-31";7578,5;33765;66989,1;4091,1;NA;NA;NA;NA;NA;-11220,6;119271;137282;223094;283248;1521,5;-3980;-36135;337829,7;3029;537;1536,9;152836;21840;26088,1;NA;NA;-24654;NA;NA;1329,9;13216,5;509;NA;NA;504,3;NA;97660;216871;6818;-1411,8;1454,4;NA;NA;89778;-717;9365,6;63991,3;3871;NA;1172;151609;-98248,2;10005;NA;NA;NA;NA;NA;74828,1;393904;296707;244234;NA;1471,7;-1292;8080;NA;24208;-33795;6226;-2342170;-47889;116128,1;NA;NA;64961;NA;NA;411,4;597151,2;1253;NA;NA;8713,6;NA;180361;294440;93509;-22769,3;9533,3;NA;NA;-482173;-925;703;186222,7;-486288;NA;-817,4;5197;2172,2;2076,4;NA;55025;12370;NA;NA;1547,8;153351;73002;-60796;NA;726,7;45454,8;15285;NA;7059;9731;2109,5;-310321;5772;-9135,5;NA;NA;35129;-5318400;NA;601,6;760,4;48;NA;NA;118,7;NA;8888;496477;-2560;1789;10841;NA;NA;-30545;834;4077,6;11611,7;16425;72464;10327,4;136093;20849,6;11203,4;NA;NA;NA;NA;NA;-550,9;216162;152604;83017;NA;1005;-12222,2;-11883;NA;1880;25152;11384,8;641619;1148;202740,5;NA;NA;25841;NA;NA;1002,8;3954,3;142;NA;NA;1164;NA;25252;162798;116267;1079,1;27150,8;NA;NA;251693;99;4118,5;59490,9;113574;NA;-5143,6;104341;-46274,4;12190,3;NA;NA;NA;NA;NA;58376;78753;193143;227387;1142914,2;2309,4;48079,8;4202;958950,6;31507;77467;-3508,8;-2640134;19710;1696,4;NA;NA;-4359;NA;NA;-104,3;593333,3;1403;NA;NA;7764,6;NA;168632;259454;83122;-7409,6;6124,3;NA;NA;-521779;-107;373,8;116270,8;-142366;NA;7217,4;NA;47631,4;2576;481937,4;155134;55435;7148724;NA;-718,2;77462;186754;172761;357744,4;2092,6;-3631,2;-34628;446874,9;808;112067;1682,6;396096;16460;142769,4;NA;-617112;-107387;19047900;66343200;1975,8;29569,3;1496;NA;NA;1701,2;-586599,9;93027;176575;-6750;-1903,2;56761,4;NA;17961324;-36411;-948;6148,3;593905,8;42975;874599;-23309,3;NA;-120026,5;11684,9;1768157,9;293740;NA;24893747,7;NA;62651,9;409770;303170;400585;NA;2690,7;-12763,1;118492;NA;31427;727520;5511,4;-2748250;-92659;63148;NA;-334624;244626;77897100;408074100;54,8;627853,5;1607;NA;NA;9194,2;1668643,4;230828;434743;173978;-36383,4;7674,5;NA;12639914;-343826;558;1104,2;207543,3;88418;2271691;1279,6;NA;-3431,5;2211,4;311958,3;72708;11219;2593548,8;NA;1760;182537;73554;-39403;NA;1138,3;44632,4;116077;NA;6062;43943;2092,6;-296432;5797;-5174,2;NA;-82754;32794;-6051300;56983400;880,7;442,9;-301;NA;NA;166,8;603907,9;19061;525411;8533;7345;11017,7;NA;2553383;-21231;-6;7320,2;17547,3;26898;98973;10327,4;NA;20959,6;11199,6;378653,2;39117;47943;10888176,7;NA;-372,5;210941;152604;83010;NA;982,8;-12222,2;-11883;NA;1876;25121;11384,8;645619;1148;200830,5;NA;NA;24771;17389200;124222400;1002,8;3982,5;142;NA;NA;1164;2352019;25917;162964;116267;1080;27070;NA;3759716;251592;99;4118,5;59490,9;92133;1260410;-5143,6;NA;-46274,4;12190,3;248350,2;174241;NA;16100588,6;NA;58376;78753;193143;227387;1142914,2;2309,4;48079,8;4202;958950,6;31507;77467;-3508,8;-2640134;19710;1696,4;NA;-1279600;-4359;21884500;26128500;-104,3;593333,3;1403;NA;NA;7764,6;823740,4;168632;259454;83122;-7409,6;6124,3;NA;2871682;-521779;-107;373,8;116270,8;-142366;874962
"2013-12-31";16176,7;20568;24993,5;2737,7;NA;NA;NA;NA;NA;-2176,2;116350;224771;-112332;488933,3;1062,6;-14488,1;36984;628299,5;-4124;51607;-1294,8;2034031;36205;44889,3;NA;NA;3043;NA;NA;271;10358;884;NA;NA;636,6;NA;99989;56626;16268;33,3;6301;NA;NA;240880;583;2122,4;74378,8;92336;NA;-9267,8;174178;36301,8;4243,2;NA;NA;NA;NA;NA;-807,9;288525;-98068;262118;NA;865,5;-31057,5;-148052;NA;-16310;-172502;28496;-2961688;56626;99466,3;NA;NA;16804;NA;NA;270,2;765276,8;142;NA;NA;-3466,2;NA;203325;303881;112086;-22427,8;2847,1;NA;NA;172279;-2334;2334,7;283983,1;240673;NA;-1937,1;-10638;-2668,8;300,9;NA;33833;3106;NA;NA;2084,7;-18823;-10992;-16264;NA;153,9;-11243,8;-9046;NA;4316;-2580;12897,6;-157362;-6033;-4335,8;NA;NA;22232;-1019200;NA;-369,4;1705,6;-477;NA;NA;172,5;NA;-5133;394825;-19389;-2252,3;6411,2;NA;NA;47441;846;1387,9;-2716;-26974;280396;7289,9;190124;14991;9053,5;NA;NA;NA;NA;NA;-2710;136606;145294;-6279;NA;624;-10851,5;-6153;NA;2121;71605;9507,6;1082526;1689;89499,5;NA;NA;20616;NA;NA;1825,3;2672,1;14;NA;NA;830;NA;16028;139506;96517;1726,2;93289,6;NA;NA;318217;876;4550,5;64804,7;88397;NA;-8374,5;95145;2177,8;-2415,8;NA;NA;NA;NA;NA;8222,9;301718;-218886;52779;623323,2;515,2;-25858,6;-51004;420855,9;-17604;-160598;14531,3;-3890511;114055;34139,5;NA;NA;-3092;NA;NA;-478,1;760790,8;560;NA;NA;-5328,9;NA;238714;311691;16737;-9290;1587,5;NA;NA;-208749;-863;-336,6;130052;-160470;NA;24215,9;NA;27677,6;-4809,6;530036,9;104606;3064;-3693175;NA;-1866,9;169145;202939;-82887;507832,3;1307;-14492,1;41100;595936,4;16080;79089;2933,9;2088520;19518;95484,3;NA;-469599;5117;41028700;93509700;1325,4;4943,1;399;NA;NA;697,7;939967,7;99448;13362;54346;-2073,5;-21498,3;NA;22937378;64086;-99;2506,3;133646,4;61363;1277261;-41194,7;NA;7604,2;3863;1180461,4;407523;NA;22515446,1;NA;-3552,8;687676;-336816;179576;NA;1079,3;-76286,9;-505630;NA;-59955;309409;26704,2;-1266104;64216;160502,7;NA;-11106;-70221;117947100;291739800;-62,5;871643,7;2033;NA;NA;-4856,7;1237743,9;59594;420556;143713;-41379,7;7401,3;NA;11289860;363082;-3260;2768,7;355773,4;-228828;2958690;-808,2;NA;-792,8;383,8;160875,5;54463;2316;699036;NA;2079;22817;-10868;-30433;NA;373,8;-11452,9;47601;NA;4416;39841;14779,5;-197096;-6084;5560,5;NA;-44979;37103;4609300;69570000;206,3;1790;-521;NA;NA;165;656805,1;7463;405609;-7956;2618,2;11118,7;NA;1936071;52099;1397;3312,9;1971,8;-19161;285520;7289,9;NA;15268,7;9052,6;339603,8;34824;46030;12157710,6;NA;-3094,1;136398;145294;-6486;NA;637,2;-10851,5;-6153;NA;2121;71609;9507,6;1087026;1689;90964,5;NA;NA;21443;16400500;150742600;1825,3;2687;14;NA;NA;830;-472382;15951;139470;96517;1710,4;93289,6;NA;3893853;317979;876;4550,5;64804,7;83547;1190020;-8374,5;NA;2177,8;-2415,8;276913,2;117888;NA;9836837,8;NA;8222,9;301718;-218886;52779;623323,2;515,2;-25858,6;-51004;420855,9;-17604;-160598;14531,3;-3890511;114055;34139,5;NA;-53717;-3092;31172800;25712400;-478,1;760790,8;560;NA;NA;-5328,9;1212207,1;238714;311691;16737;-9290;1587,5;NA;3958257;-208749;-863;-336,6;130052;-160470;1111786
"2014-12-31";2967,3;77254;18880,9;3121,9;NA;NA;NA;NA;NA;-516,8;44501;-69399;3060;259607,8;1587,7;-4884,5;7665;348669,4;7842;71460;4092,8;1921425;83445;106136,4;NA;NA;57184;NA;NA;873,4;23671,9;372;NA;NA;-187,5;NA;57011;213485;61569;1140,2;14480,7;NA;NA;7720;533;-37,6;51273,9;48252;NA;-1735;173568;3305,4;12611,3;NA;NA;NA;NA;NA;50545,5;343342;148884;331465;NA;2151,3;-381,1;42289;NA;17816;285472;4947,6;1503319;332704;130573,7;NA;NA;125321;NA;NA;789,6;479018,8;2165;NA;NA;6462,6;NA;192279;596967;-2537;2541,5;-8970,5;NA;NA;-34004;2425;5553,1;290391,6;336861;NA;-2121;16611;4153,3;4119,4;NA;64174;-99;NA;NA;-1046,3;-105128;8279;48912;NA;267,9;-11737,8;7411;NA;815;-11375;-745,5;373838;-18899;15678,5;NA;NA;23834;21676800;NA;1260,6;1229,9;555;NA;NA;118;NA;-6106;229617;13309;-6431,5;12247,5;207460,2;NA;95059;2945;-1437,8;10317,7;-9866;190869;10301,1;159591;15863,1;3634,7;NA;NA;NA;NA;NA;-1790,7;166922;164665;16695;NA;1073,2;-9664,3;-2445;NA;-1863;92029;9420,1;1586856;3056;148927,5;NA;NA;24410;NA;NA;1226,7;3921,7;-649;NA;NA;1772,8;NA;30336;176296;73301;454,5;34667,3;NA;NA;373192;859;6677,7;94987,8;107009;NA;-14911,8;98766;30102,4;7624,8;NA;NA;NA;NA;NA;50182,6;136636;48038;-36107;1686956,8;2231,1;-3160,9;86314;1895227,6;22666;278653;9837,1;285532;432442;40429,9;NA;NA;75408;NA;NA;772,3;451747,3;2791;NA;NA;8781,3;NA;185139;365934;74662;13659,5;-15350,4;NA;NA;-601535;3411;12690,9;97086;204565;NA;7496;NA;51204,2;17718,8;491130,7;87369;-10716;15778286;NA;-4469,2;30012;-8731;-67858;420123,6;2727,7;-5205,4;32119;506701,8;31649;147301;785;2995900;78439;147940;NA;404648;44894;29500100;92132000;638,2;38571,3;740;NA;NA;588,5;1372590,8;684;317086;65918;-965,9;44472,6;NA;20593070;259207;-374;2817;502555;17310;1496279;-25900,5;NA;-4888,3;12757,1;1734448,9;439491;NA;31172913;NA;50352,9;308123;75360;291901;NA;3824,9;-21024,4;-97344;NA;28255;1084225;4383;2399824;351025;191879,6;NA;-432846;18490;191447600;433704600;3717,8;223706,3;860;NA;NA;9468,5;1518337,4;244917;902696;5594;-50138,5;-8811,9;NA;17841991;184844;-1661;5827,7;342454,4;-55739;2641187;-2122,2;NA;5316,9;4194,3;52007,3;52271;-1093;1733124,1;NA;-1097,1;-67807;8704;52367;NA;212,1;-4157,6;38291;NA;-484;16697;1190;368716;-18365;16215,2;NA;86336;35205;9759700;72551900;1343,4;1239;685;NA;NA;174,8;463570,9;-1807;241108;170800;1418;14217;219390,7;1086896;88876;4974;-906,4;24351,4;11887;214898;10301,1;NA;17487;3631,7;208911,8;22076;40333;14266898,4;NA;-1706,9;166233;164665;16580;NA;1081,7;-9664,3;-2445;NA;-1858;92018;9420,1;1594106;3056;147648,5;NA;361063;24812;28191200;169962200;1226,7;3955,5;-597;NA;NA;1772,8;2316159,9;30440;176373;73301;497,2;34701,7;NA;1940099;373174;859;6677,7;94987,8;94522;1258372;-14911,8;NA;30102,4;7624,8;426033,2;173408;NA;15285205,6;NA;50182,6;136636;48038;-36107;1686954,8;2231,1;-3160,9;86314;1895225,6;22666;278651;9837,1;285532;432442;40429,9;NA;-264147;75408;46996100;32301000;772,3;451747,3;2791;NA;NA;8781,3;1010967,1;185139;365934;74662;13659,5;-15350,4;NA;-2195222;-601535;3411;12690,9;97086;204565;1154983
"2015-12-31";3835,8;31611;56976,9;8114,2;NA;NA;NA;NA;NA;1067,5;-100397;130845;708813;802767,5;41,3;-1166,1;20918;1008437,9;14419;166460;26725,6;1732289;199589;128929,3;NA;NA;33570;NA;NA;1276,3;9682,9;1091;NA;NA;205,3;NA;154368;239714;48501;3759,6;22054,5;NA;NA;179113;703;5125;38180,9;47448;NA;-16535,8;212635;-2944,5;2179,4;NA;NA;NA;NA;NA;28751,3;421965;156837;117744;NA;1378,9;-1200,8;56108;NA;4831;406781;9255,4;-6125419;190716;164401,2;NA;NA;154968;NA;NA;4367,1;1091861,7;777;NA;NA;-1453,3;NA;249412;175542;152276;-1220,9;18518,8;NA;NA;-725759;-869;5871,1;270766,3;-552648;NA;190;17529;-1549,6;-1912,9;NA;136716;3385;NA;NA;-214,6;12202;-9029;-91525;NA;-126,9;-15937,7;-12572;NA;3451;12328;-1614,3;396340;-8788;35606,2;NA;NA;-10974;2409100;NA;398,9;1297,6;-1360;NA;NA;108,3;NA;-19656;355721;-506;-4129,4;3633,5;NA;NA;-41243;880;-555,5;79382,5;-4913;231426;10094,2;185525;19494,6;6009;NA;NA;NA;NA;NA;-1699,1;211581;195795;161480;NA;1203,8;-1208,9;14796;NA;1916;139721;13723,1;1661505;4825;51162,5;NA;NA;6412;NA;NA;-18,7;3502,9;566;NA;NA;948,8;NA;34608;181031;77522;2838,4;-277,7;NA;NA;435257;956;5327,3;90062,2;97438;NA;-25932;120223;-8967,7;-971,3;NA;NA;NA;NA;NA;30666,3;239671;-159754;-216816;2047529,9;-670,6;24952,2;133062;1703191,9;-6098;242760;-7991,6;-6019033;332012;28509,8;NA;NA;77483;NA;NA;2613,3;1099974,8;-386;NA;NA;905,5;NA;311528;317394;85217;-8581,4;-6807,6;NA;NA;-1064849;-386;2348,4;52241,1;-151035;NA;11319;NA;17056,5;3178,8;378205,1;108316;56337;11634239,1;NA;623,2;48572;173782;870097;1086389,7;1606,9;-1359,5;93693;1321103,3;28865;323559;39219;1014229;228489;145139,9;14770,9;-440972;20901;40111500;100184200;1435,8;14704,3;551;NA;NA;1460,1;910835,6;166894;464444;59898;-198,1;28419,8;NA;15413595;389241;363;2644,5;183117,5;31869;1862508;-9604,8;NA;5017,3;8787,7;1398747,9;527740;NA;28212119,5;NA;32068,1;599982;241576;-173377;NA;2983;47020,4;-14385;NA;20779;1212739;9156,2;-7898116;183151;143445;23473,4;1493244;151077;161150700;474668600;3469,8;1638376,2;3489;NA;NA;4110,8;2128901,2;269930;288832;153676;-1135,7;15997,6;NA;494511;-530744;-1762;8364;354461,9;-301420;1419645;1665,2;NA;5686,9;-1764;141380,3;124980;2563;1064573,5;NA;-251,9;-88508;-5447;-98802;NA;-285,3;-13515,5;14537;NA;2393;35750;-1227,2;402660;-9267;40161,9;4850,2;-201316;-10697;-13230100;85319200;416,2;1284,3;-1228;NA;NA;96,3;318629,4;-11780;357687;9769;-2781;5823,3;NA;-1588727;-35900;1411;2589;100858;-1437;256956;10094,2;NA;19190,4;6013;464955,5;49519;40792;13818014;NA;-964,5;210903;195795;161458;NA;1200,5;-1208,9;14796;NA;1921;139729;13723,1;1669255;4825;52038,7;15142,1;390464;8466;18385800;222978700;-18,7;3524,9;566;NA;NA;948,8;1435898,1;34900;181076;77522;2828,1;-253,4;NA;2894774;435403;956;5327,3;90062,2;99322;1471742;-25932;NA;-8967,7;-971,3;279773,9;268121;NA;9368227;NA;30666,3;239671;-159754;-216816;2047528,9;-670,6;24952,2;133062;1703190,9;-6098;242759;-7991,6;-6019033;332012;28509,8;1827;-4088833;77483;21300300;-13579600;2613,3;1099974,8;-386;NA;NA;905,5;1287683;311528;317394;85217;-8581,4;-6807,6;NA;-4368728;-1064849;-386;2348,4;52241,1;-151035;553141
"2016-12-31";19242,9;65178;134164,6;6556,1;NA;NA;NA;NA;29578002;3180,5;232705;151143;486455;787178,8;1222,2;-1529,4;62274;1122391,9;19424;119638;-5909,3;1310251;49490;116057;NA;NA;58035;NA;NA;2736,2;6762,8;998;NA;NA;1315,8;NA;152667;-114069;89920;2677,5;22486,6;NA;NA;357796;879;2857,7;71507,9;156594;NA;-29889,7;115690;1432,4;12838,7;NA;NA;NA;NA;118286679,3;70,7;780240;548126;424013;NA;1987;-3068,9;109642;NA;4179;374045;22356,7;19719351;110016;144795,2;NA;NA;188858;NA;NA;5791;331220,8;2404;NA;NA;814;NA;255582;330383;208140;15840,5;34793,8;NA;NA;-358307;1920;10321,1;348928,6;503374;NA;2290,3;20153;6845,8;6033,4;NA;40576;-2516;NA;18248883,2;443,8;-58287;19337;-23836;NA;170,1;3935,9;-10704;NA;71;3524;-2676,3;271832;-4663;39174,5;NA;NA;14169;10578800;NA;-58,3;321;1074;NA;NA;465,2;NA;-4470;251298;39267;5044,3;13209,6;NA;NA;-22858;-1965;-286,4;83048,6;25222;292162;12997;193277;13968,2;8969,8;NA;NA;NA;NA;46110696,7;-639,3;236482;211213;212379;NA;1142;-6572,4;26581;NA;5158;101942;6949,6;2107787;4853;116045,4;NA;NA;29919;NA;NA;2749,2;4009,2;817;NA;NA;2157,1;NA;25220;148260;118119;2044;75706,9;NA;NA;390547;1457;4515,4;93858,7;109379;NA;-48353,8;-31702;116289,7;5289,7;NA;NA;NA;NA;68167192,5;2558,1;541203;63035;199135;1328261,7;652,9;-7700,2;84425;1599067,9;7831;274129;-24171,8;17148347;167930;64012,7;NA;NA;37196;NA;NA;5636,9;323567,2;1678;NA;NA;966,6;NA;287546;-54305;122065;147,1;27308,7;NA;NA;-844120;-1236;11963,2;92726,7;184032;NA;29156,1;NA;174119,9;9169,3;NA;131721;79299;12443583;27856234,6;5179,3;335845;177338;727913;1115572,3;2553,7;-1853,2;107296;1443280;9119;230175;37393,8;3399127;95410;103240,8;NA;-739696;47637;44876000;121755600;3510,9;11508,4;1449;NA;NA;2360;1641831,8;209585;35197;97818;3776,8;45533,5;NA;7218108;278195;1010;6241,4;355296,5;110638;1959386;-38264,2;NA;32824,6;14404,2;NA;390501;NA;30474125,7;118027030,7;-4617,3;1241611;750529;496509;NA;3066,5;-45752,5;67730;NA;40126;1247415;22274,5;17128164;156090;204074,2;NA;-413797;303772;195246800;368934300;5834,8;697360,7;2150;NA;NA;4816,6;246920,4;347063;375422;197203;7619,5;37175,9;NA;3340394;28042;2480;10335,3;297028,8;361684;2347097;15782,2;NA;11003,9;5879,3;NA;42820;-2530;3484241,9;25883338,5;433,7;-31186;14056;-24637;NA;56,4;4999,8;-14133;NA;-682;7320;-258,2;744060;-4432;51339,8;NA;173348;10014;6292800;81926500;29;222;1212;NA;NA;521,8;-42093,9;-4900;282072;48462;6269,6;18753,9;NA;601603;-18359;-6524;561,4;81034,3;23342;339404;12997;NA;14079,1;8969,4;NA;40450;98542;13274755,8;46110696,7;-540;236521;211213;212328;NA;1169,1;-6572,4;26581;NA;5194;101946;6949,6;2115537;4853;116316,5;NA;363328;31975;33904700;213710000;2749,2;4037,2;817;NA;NA;2157,1;1654794,3;25358;148340;118119;2051,3;75699,9;NA;5134184;390287;1457;4515,4;93858,7;90018;1219475;-48353,8;NA;116289,7;5289,7;NA;250561;NA;8785715;68167192,5;2558,1;541203;63035;199135;1328261,7;652,9;-7700,2;84425;1599067,9;7831;274129;-24171,8;17148347;167930;64012,7;NA;-557304;37196;22483500;9899400;5636,9;323567,2;1678;NA;NA;966,6;1231379,7;287546;-54305;122065;147,1;27308,7;NA;-379062;-844120;-1236;11963,2;92726,7;184032;745595
"2017-12-31";23626,8;81925;-6356,8;9117,6;NA;NA;NA;NA;NA;-760,7;286996;277020;-302960;755595,6;985;1540,1;65870;950608,4;13147;173589;-9412,4;2574607;64966;NA;NA;NA;55808;NA;NA;823,9;-1610;1540;NA;NA;1574,3;NA;70122;153945;74597;5214,5;19522,2;NA;NA;462355;1752;6744,7;101757,6;125652;NA;20802,2;120282;10082,5;10743;NA;NA;NA;NA;NA;22617,5;1344830;526660;274840;NA;3464,9;-24711,7;134144;NA;33461;412453;39166,5;-3606320;343843;NA;NA;NA;182727;NA;NA;4445,7;515197,6;2460;NA;NA;7973;NA;110124;357000;32048;17144,9;47496;NA;NA;-875395;1939;19551,2;268450,8;584821;NA;-6229,8;52284;-1702,6;-178,9;NA;48603;17506;NA;NA;-289,2;112124;19221;34830;NA;-6,4;1890,1;15492;NA;8922;31606;960,4;105055;-1816;NA;NA;NA;10537;NA;NA;1131,3;2469,3;-300;NA;NA;210,1;NA;-7808;259703;1830;-3150;-5596,7;NA;NA;67021;-796;697,7;62988,8;35613;248859;12280,8;192666;7857,2;6450,4;NA;NA;NA;NA;NA;-639;142527;233115;160253;NA;1392,3;-5870;24422;NA;6229;152730;13461;2425481;6009;NA;NA;NA;43282;NA;NA;1339,5;4968,1;905;NA;NA;3160,4;NA;27670;160746;50096;3937,1;-29356,4;NA;NA;423215;1819;3476,3;124546,6;67031;NA;9765,8;32400;-22331,5;1338,8;NA;NA;NA;NA;NA;15429,5;1179603;65806;174867;1553427,7;1705,5;-32863,6;130960;2078868,9;44830;217178;1734,9;-4662786;369011;NA;NA;NA;94465;NA;NA;3337,4;514755;2604;NA;NA;8176,3;NA;101135;114201;16904;9528;33778,6;NA;NA;-961273;58;19878,4;171122,3;490666;NA;29142,4;NA;-9764,5;4583;NA;152014;268;3703966,3;NA;688,1;147589;342135;-507563;1261828,5;1766,1;1344;94462;1532155,4;36760;396558;16915,1;4287848;109146;NA;NA;-340413;134746;NA;110076300;2628,3;1822,8;1971;NA;NA;2277,4;NA;99471;83221;101212;8170,6;49988,8;NA;12553697;691825;2087;6417,4;436044,7;182310;1550364;37848,6;NA;20590,3;11402,2;NA;388420;NA;26843743,3;NA;20120,4;2385658;747757;476954;NA;4918,5;-55655,2;185043;NA;81701;1542932;42908,6;-4435823;320376;NA;NA;-817559;274054;NA;440667200;7051,6;835165,7;4234;NA;NA;13282,2;NA;163023;542485;90058;19201,2;45985,4;NA;10470566;-638659;2935;21990,2;410525,7;769869;2841299;8119,8;NA;-3695,4;-78,7;NA;58168;17263;2287115,9;NA;-34,4;141652;22646;28565;NA;92,1;1060,7;36044;NA;9506;44220;10980,3;1001299;-1604;NA;NA;-168597;6849;NA;79623900;1041,3;2596,1;-80;NA;NA;230,1;NA;-6041;249501;-31927;-360,5;-1992,1;NA;3745111;78805;-791;2276,2;60800,9;25378;224228;12280,8;NA;7548,8;6450,1;NA;33883;78906;15265081,3;NA;-701,6;142877;233115;160263;NA;1470;-5870;24422;NA;6223;152733;13461;2433231;6009;NA;NA;336728;46498;NA;174589000;1339,5;5005,1;905;NA;NA;3160,4;NA;28067;160888;50096;4000,6;-29361,2;NA;5840504;423257;1819;3476,3;124546,6;63558;1469289;9765,8;NA;-22331,5;1338,8;NA;260420;NA;11099565,1;NA;15429,5;1179603;65806;174867;1553429,7;1705,5;-32863,6;130960;2078870,9;44830;217180;1734,9;-4662786;369011;NA;NA;-527408;94465;NA;43548800;3337,4;514755;2604;NA;NA;8176,3;NA;101135;114201;16904;9528;33778,6;NA;242656;-961273;58;19878,4;171122,3;490666;1454678
"2018-12-31";12312,9;NA;5349,7;6151,5;NA;NA;NA;NA;NA;341,5;165172;123990;-163033;407007,5;424,2;2377,7;34182;483673,2;5987;119852;8490,4;2173117;49579;NA;NA;NA;50513;NA;NA;2149,1;-21773,4;622;NA;NA;2263,2;NA;14522;-7610;18100;4798;25641;NA;NA;285117;1072;-1554,4;142692,8;38436;NA;19623,5;NA;-29337,7;10261,6;NA;NA;NA;NA;NA;414,8;589190;512537;-171833;NA;2035,9;1413,9;108967;NA;23074;374920;40635,9;-17686721;244186;NA;NA;NA;176375;NA;NA;3402,2;-179052,3;-1582;NA;NA;-190,2;NA;-254961;334397;142077;16304,2;20192,9;NA;NA;-1127458;2537;12292,5;157336,7;229770;NA;-4502,3;NA;1139,9;731,2;NA;-3756;NA;NA;NA;1793,4;12204;7539;11440;NA;95,2;18631,5;10454;NA;-3210;8947;4781,6;382594;17656;NA;NA;NA;10983;NA;NA;-924,8;2290;517;NA;NA;273,2;NA;-3093;433560;26376;-274,3;5957,3;NA;NA;-45673;717;538,7;45798,9;14078;NA;14334,1;NA;12448,6;10380,1;NA;NA;NA;NA;NA;-343,2;271313;257924;118563;NA;1640,3;-4040,9;31484;NA;7440;93980;24162,4;3312057;8262;NA;NA;NA;34889;NA;NA;1719,4;5099,2;868;NA;NA;-112,9;NA;26526;150726;64004;7981,4;-36674;NA;NA;449311;2536;3746,8;98785,9;82817;NA;643,3;NA;-49901,2;1380,5;NA;NA;NA;NA;NA;496,9;148696;80966;-276621;530027,1;395,6;1315,3;106722;515520,5;27963;366677;1678,4;-19337214;342685;NA;NA;NA;67104;NA;NA;1431,8;-204690,1;-2593;NA;NA;3114,1;NA;-228909;98179;36754;8338,6;36500,8;NA;NA;-1445011;518;7749,8;41036,9;177749;NA;19275,4;NA;-8235,9;14018;NA;10292;NA;NA;NA;-322,5;72317;134749;-261371;734090,3;-242,7;2115,6;51542;848904;18888;344450;33109;4964531;79363;NA;NA;196069;60594;NA;NA;2780,7;-23112;490;NA;NA;3560;NA;41672;44092;45235;6142,7;106364,1;NA;NA;435093;1398;-1016,9;478805,9;38910;NA;46465,5;NA;-32465,4;13367,1;NA;20101;NA;NA;NA;-1062,7;709758;461404;-175157;NA;2777,8;-14577,6;42367;NA;29087;1224636;41533;-17526232;235577;NA;NA;-342927;175424;NA;NA;4537,7;-230128;-1438;NA;NA;-3335,3;NA;-339085;341443;164880;16384,8;20605,3;NA;NA;-935677;2794;10987,6;-56424,1;228500;NA;-9841,8;NA;1881,9;648,6;NA;3157;NA;NA;NA;5840,1;39329;7515;10484;NA;158,8;31301,2;29270;NA;-4349;27708;8634,1;983524;17850;NA;NA;-2429;11811;NA;NA;-4506,5;2368,3;1020;NA;NA;247,8;NA;-1481;422053;34425;-371,1;7268,7;NA;NA;-44241;1008;2178,6;52404,2;18250;NA;14334,1;NA;12270,2;10378,2;NA;-168;NA;NA;NA;-354,6;279519;257924;118562;NA;1697,6;-4040,9;31484;NA;7460;93983;24162,4;3319807;8262;NA;NA;-9316;37123;NA;NA;1719,4;5131,6;870;NA;NA;-112,9;NA;26690;150786;64004;7851,7;-36673,9;NA;NA;449356;2536;3746,8;98785,9;78309;NA;643,3;NA;-49901,2;1380,5;NA;2878;NA;NA;NA;496,9;148696;80966;-276621;530027,1;395,6;1315,3;106722;515520,5;27963;366677;1678,4;-19337214;342685;NA;NA;146756;67104;NA;NA;1431,8;-204690,1;-2593;NA;NA;3114,1;NA;-228909;98179;36754;8338,6;36500,8;NA;NA;-1445011;518;7749,8;41036,9;177749;NA
