"";"A.CP_MNAC.PAID.B1N.S11.AT";"A.CP_MNAC.PAID.B1N.S11.AU";"A.CP_MNAC.PAID.B1N.S11.BE";"A.CP_MNAC.PAID.B1N.S11.BG";"A.CP_MNAC.PAID.B1N.S11.BR";"A.CP_MNAC.PAID.B1N.S11.CA";"A.CP_MNAC.PAID.B1N.S11.CH";"A.CP_MNAC.PAID.B1N.S11.CL";"A.CP_MNAC.PAID.B1N.S11.CN";"A.CP_MNAC.PAID.B1N.S11.CO";"A.CP_MNAC.PAID.B1N.S11.CR";"A.CP_MNAC.PAID.B1N.S11.CY";"A.CP_MNAC.PAID.B1N.S11.CZ";"A.CP_MNAC.PAID.B1N.S11.DE";"A.CP_MNAC.PAID.B1N.S11.DK";"A.CP_MNAC.PAID.B1N.S11.EA19";"A.CP_MNAC.PAID.B1N.S11.EE";"A.CP_MNAC.PAID.B1N.S11.EL";"A.CP_MNAC.PAID.B1N.S11.ES";"A.CP_MNAC.PAID.B1N.S11.EU28";"A.CP_MNAC.PAID.B1N.S11.FI";"A.CP_MNAC.PAID.B1N.S11.FR";"A.CP_MNAC.PAID.B1N.S11.HR";"A.CP_MNAC.PAID.B1N.S11.HU";"A.CP_MNAC.PAID.B1N.S11.IE";"A.CP_MNAC.PAID.B1N.S11.IL";"A.CP_MNAC.PAID.B1N.S11.IS";"A.CP_MNAC.PAID.B1N.S11.IT";"A.CP_MNAC.PAID.B1N.S11.JP";"A.CP_MNAC.PAID.B1N.S11.KR";"A.CP_MNAC.PAID.B1N.S11.LT";"A.CP_MNAC.PAID.B1N.S11.LU";"A.CP_MNAC.PAID.B1N.S11.LV";"A.CP_MNAC.PAID.B1N.S11.MT";"A.CP_MNAC.PAID.B1N.S11.MX";"A.CP_MNAC.PAID.B1N.S11.NL";"A.CP_MNAC.PAID.B1N.S11.NO";"A.CP_MNAC.PAID.B1N.S11.NZ";"A.CP_MNAC.PAID.B1N.S11.PE";"A.CP_MNAC.PAID.B1N.S11.PL";"A.CP_MNAC.PAID.B1N.S11.PT";"A.CP_MNAC.PAID.B1N.S11.RO";"A.CP_MNAC.PAID.B1N.S11.RS";"A.CP_MNAC.PAID.B1N.S11.RU";"A.CP_MNAC.PAID.B1N.S11.SE";"A.CP_MNAC.PAID.B1N.S11.SI";"A.CP_MNAC.PAID.B1N.S11.SK";"A.CP_MNAC.PAID.B1N.S11.TR";"A.CP_MNAC.PAID.B1N.S11.UK";"A.CP_MNAC.PAID.B1N.S11.US";"A.CP_MNAC.PAID.B1N.S11.ZA";"A.CP_MNAC.PAID.B1N.S12.AT";"A.CP_MNAC.PAID.B1N.S12.AU";"A.CP_MNAC.PAID.B1N.S12.BE";"A.CP_MNAC.PAID.B1N.S12.BG";"A.CP_MNAC.PAID.B1N.S12.BR";"A.CP_MNAC.PAID.B1N.S12.CA";"A.CP_MNAC.PAID.B1N.S12.CH";"A.CP_MNAC.PAID.B1N.S12.CL";"A.CP_MNAC.PAID.B1N.S12.CN";"A.CP_MNAC.PAID.B1N.S12.CO";"A.CP_MNAC.PAID.B1N.S12.CR";"A.CP_MNAC.PAID.B1N.S12.CY";"A.CP_MNAC.PAID.B1N.S12.CZ";"A.CP_MNAC.PAID.B1N.S12.DE";"A.CP_MNAC.PAID.B1N.S12.DK";"A.CP_MNAC.PAID.B1N.S12.EA19";"A.CP_MNAC.PAID.B1N.S12.EE";"A.CP_MNAC.PAID.B1N.S12.EL";"A.CP_MNAC.PAID.B1N.S12.ES";"A.CP_MNAC.PAID.B1N.S12.EU28";"A.CP_MNAC.PAID.B1N.S12.FI";"A.CP_MNAC.PAID.B1N.S12.FR";"A.CP_MNAC.PAID.B1N.S12.HR";"A.CP_MNAC.PAID.B1N.S12.HU";"A.CP_MNAC.PAID.B1N.S12.IE";"A.CP_MNAC.PAID.B1N.S12.IL";"A.CP_MNAC.PAID.B1N.S12.IS";"A.CP_MNAC.PAID.B1N.S12.IT";"A.CP_MNAC.PAID.B1N.S12.JP";"A.CP_MNAC.PAID.B1N.S12.KR";"A.CP_MNAC.PAID.B1N.S12.LT";"A.CP_MNAC.PAID.B1N.S12.LU";"A.CP_MNAC.PAID.B1N.S12.LV";"A.CP_MNAC.PAID.B1N.S12.MT";"A.CP_MNAC.PAID.B1N.S12.MX";"A.CP_MNAC.PAID.B1N.S12.NL";"A.CP_MNAC.PAID.B1N.S12.NO";"A.CP_MNAC.PAID.B1N.S12.NZ";"A.CP_MNAC.PAID.B1N.S12.PE";"A.CP_MNAC.PAID.B1N.S12.PL";"A.CP_MNAC.PAID.B1N.S12.PT";"A.CP_MNAC.PAID.B1N.S12.RO";"A.CP_MNAC.PAID.B1N.S12.RS";"A.CP_MNAC.PAID.B1N.S12.RU";"A.CP_MNAC.PAID.B1N.S12.SE";"A.CP_MNAC.PAID.B1N.S12.SI";"A.CP_MNAC.PAID.B1N.S12.SK";"A.CP_MNAC.PAID.B1N.S12.TR";"A.CP_MNAC.PAID.B1N.S12.UK";"A.CP_MNAC.PAID.B1N.S12.US";"A.CP_MNAC.PAID.B1N.S12.ZA";"A.CP_MNAC.PAID.B1N.S13.AT";"A.CP_MNAC.PAID.B1N.S13.AU";"A.CP_MNAC.PAID.B1N.S13.BE";"A.CP_MNAC.PAID.B1N.S13.BG";"A.CP_MNAC.PAID.B1N.S13.BR";"A.CP_MNAC.PAID.B1N.S13.CA";"A.CP_MNAC.PAID.B1N.S13.CH";"A.CP_MNAC.PAID.B1N.S13.CL";"A.CP_MNAC.PAID.B1N.S13.CN";"A.CP_MNAC.PAID.B1N.S13.CO";"A.CP_MNAC.PAID.B1N.S13.CR";"A.CP_MNAC.PAID.B1N.S13.CY";"A.CP_MNAC.PAID.B1N.S13.CZ";"A.CP_MNAC.PAID.B1N.S13.DE";"A.CP_MNAC.PAID.B1N.S13.DK";"A.CP_MNAC.PAID.B1N.S13.EA19";"A.CP_MNAC.PAID.B1N.S13.EE";"A.CP_MNAC.PAID.B1N.S13.EL";"A.CP_MNAC.PAID.B1N.S13.ES";"A.CP_MNAC.PAID.B1N.S13.EU28";"A.CP_MNAC.PAID.B1N.S13.FI";"A.CP_MNAC.PAID.B1N.S13.FR";"A.CP_MNAC.PAID.B1N.S13.HR";"A.CP_MNAC.PAID.B1N.S13.HU";"A.CP_MNAC.PAID.B1N.S13.IE";"A.CP_MNAC.PAID.B1N.S13.IL";"A.CP_MNAC.PAID.B1N.S13.IS";"A.CP_MNAC.PAID.B1N.S13.IT";"A.CP_MNAC.PAID.B1N.S13.JP";"A.CP_MNAC.PAID.B1N.S13.KR";"A.CP_MNAC.PAID.B1N.S13.LT";"A.CP_MNAC.PAID.B1N.S13.LU";"A.CP_MNAC.PAID.B1N.S13.LV";"A.CP_MNAC.PAID.B1N.S13.MT";"A.CP_MNAC.PAID.B1N.S13.MX";"A.CP_MNAC.PAID.B1N.S13.NL";"A.CP_MNAC.PAID.B1N.S13.NO";"A.CP_MNAC.PAID.B1N.S13.NZ";"A.CP_MNAC.PAID.B1N.S13.PE";"A.CP_MNAC.PAID.B1N.S13.PL";"A.CP_MNAC.PAID.B1N.S13.PT";"A.CP_MNAC.PAID.B1N.S13.RO";"A.CP_MNAC.PAID.B1N.S13.RS";"A.CP_MNAC.PAID.B1N.S13.RU";"A.CP_MNAC.PAID.B1N.S13.SE";"A.CP_MNAC.PAID.B1N.S13.SI";"A.CP_MNAC.PAID.B1N.S13.SK";"A.CP_MNAC.PAID.B1N.S13.TR";"A.CP_MNAC.PAID.B1N.S13.UK";"A.CP_MNAC.PAID.B1N.S13.US";"A.CP_MNAC.PAID.B1N.S13.ZA";"A.CP_MNAC.PAID.B1N.S14_S15.AT";"A.CP_MNAC.PAID.B1N.S14_S15.AU";"A.CP_MNAC.PAID.B1N.S14_S15.BE";"A.CP_MNAC.PAID.B1N.S14_S15.BG";"A.CP_MNAC.PAID.B1N.S14_S15.BR";"A.CP_MNAC.PAID.B1N.S14_S15.CA";"A.CP_MNAC.PAID.B1N.S14_S15.CH";"A.CP_MNAC.PAID.B1N.S14_S15.CL";"A.CP_MNAC.PAID.B1N.S14_S15.CN";"A.CP_MNAC.PAID.B1N.S14_S15.CO";"A.CP_MNAC.PAID.B1N.S14_S15.CR";"A.CP_MNAC.PAID.B1N.S14_S15.CY";"A.CP_MNAC.PAID.B1N.S14_S15.CZ";"A.CP_MNAC.PAID.B1N.S14_S15.DE";"A.CP_MNAC.PAID.B1N.S14_S15.DK";"A.CP_MNAC.PAID.B1N.S14_S15.EA19";"A.CP_MNAC.PAID.B1N.S14_S15.EE";"A.CP_MNAC.PAID.B1N.S14_S15.EL";"A.CP_MNAC.PAID.B1N.S14_S15.ES";"A.CP_MNAC.PAID.B1N.S14_S15.EU28";"A.CP_MNAC.PAID.B1N.S14_S15.FI";"A.CP_MNAC.PAID.B1N.S14_S15.FR";"A.CP_MNAC.PAID.B1N.S14_S15.HR";"A.CP_MNAC.PAID.B1N.S14_S15.HU";"A.CP_MNAC.PAID.B1N.S14_S15.IE";"A.CP_MNAC.PAID.B1N.S14_S15.IL";"A.CP_MNAC.PAID.B1N.S14_S15.IS";"A.CP_MNAC.PAID.B1N.S14_S15.IT";"A.CP_MNAC.PAID.B1N.S14_S15.JP";"A.CP_MNAC.PAID.B1N.S14_S15.KR";"A.CP_MNAC.PAID.B1N.S14_S15.LT";"A.CP_MNAC.PAID.B1N.S14_S15.LU";"A.CP_MNAC.PAID.B1N.S14_S15.LV";"A.CP_MNAC.PAID.B1N.S14_S15.MT";"A.CP_MNAC.PAID.B1N.S14_S15.MX";"A.CP_MNAC.PAID.B1N.S14_S15.NL";"A.CP_MNAC.PAID.B1N.S14_S15.NO";"A.CP_MNAC.PAID.B1N.S14_S15.NZ";"A.CP_MNAC.PAID.B1N.S14_S15.PE";"A.CP_MNAC.PAID.B1N.S14_S15.PL";"A.CP_MNAC.PAID.B1N.S14_S15.PT";"A.CP_MNAC.PAID.B1N.S14_S15.RO";"A.CP_MNAC.PAID.B1N.S14_S15.RS";"A.CP_MNAC.PAID.B1N.S14_S15.RU";"A.CP_MNAC.PAID.B1N.S14_S15.SE";"A.CP_MNAC.PAID.B1N.S14_S15.SI";"A.CP_MNAC.PAID.B1N.S14_S15.SK";"A.CP_MNAC.PAID.B1N.S14_S15.TR";"A.CP_MNAC.PAID.B1N.S14_S15.UK";"A.CP_MNAC.PAID.B1N.S14_S15.US";"A.CP_MNAC.PAID.B1N.S14_S15.ZA";"A.CP_MNAC.PAID.B1N.S2.AT";"A.CP_MNAC.PAID.B1N.S2.AU";"A.CP_MNAC.PAID.B1N.S2.BE";"A.CP_MNAC.PAID.B1N.S2.BG";"A.CP_MNAC.PAID.B1N.S2.BR";"A.CP_MNAC.PAID.B1N.S2.CA";"A.CP_MNAC.PAID.B1N.S2.CH";"A.CP_MNAC.PAID.B1N.S2.CL";"A.CP_MNAC.PAID.B1N.S2.CN";"A.CP_MNAC.PAID.B1N.S2.CO";"A.CP_MNAC.PAID.B1N.S2.CR";"A.CP_MNAC.PAID.B1N.S2.CY";"A.CP_MNAC.PAID.B1N.S2.CZ";"A.CP_MNAC.PAID.B1N.S2.DE";"A.CP_MNAC.PAID.B1N.S2.DK";"A.CP_MNAC.PAID.B1N.S2.EA19";"A.CP_MNAC.PAID.B1N.S2.EE";"A.CP_MNAC.PAID.B1N.S2.EL";"A.CP_MNAC.PAID.B1N.S2.ES";"A.CP_MNAC.PAID.B1N.S2.EU28";"A.CP_MNAC.PAID.B1N.S2.FI";"A.CP_MNAC.PAID.B1N.S2.FR";"A.CP_MNAC.PAID.B1N.S2.HR";"A.CP_MNAC.PAID.B1N.S2.HU";"A.CP_MNAC.PAID.B1N.S2.IE";"A.CP_MNAC.PAID.B1N.S2.IL";"A.CP_MNAC.PAID.B1N.S2.IS";"A.CP_MNAC.PAID.B1N.S2.IT";"A.CP_MNAC.PAID.B1N.S2.JP";"A.CP_MNAC.PAID.B1N.S2.KR";"A.CP_MNAC.PAID.B1N.S2.LT";"A.CP_MNAC.PAID.B1N.S2.LU";"A.CP_MNAC.PAID.B1N.S2.LV";"A.CP_MNAC.PAID.B1N.S2.MT";"A.CP_MNAC.PAID.B1N.S2.MX";"A.CP_MNAC.PAID.B1N.S2.NL";"A.CP_MNAC.PAID.B1N.S2.NO";"A.CP_MNAC.PAID.B1N.S2.NZ";"A.CP_MNAC.PAID.B1N.S2.PE";"A.CP_MNAC.PAID.B1N.S2.PL";"A.CP_MNAC.PAID.B1N.S2.PT";"A.CP_MNAC.PAID.B1N.S2.RO";"A.CP_MNAC.PAID.B1N.S2.RS";"A.CP_MNAC.PAID.B1N.S2.RU";"A.CP_MNAC.PAID.B1N.S2.SE";"A.CP_MNAC.PAID.B1N.S2.SI";"A.CP_MNAC.PAID.B1N.S2.SK";"A.CP_MNAC.PAID.B1N.S2.TR";"A.CP_MNAC.PAID.B1N.S2.UK";"A.CP_MNAC.PAID.B1N.S2.US";"A.CP_MNAC.PAID.B1N.S2.ZA"
"1950-12-31";NA;NA;NA;NA;NA;NA;NA;NA;NA;NA;NA;NA;NA;NA;NA;NA;NA;NA;NA;NA;NA;NA;NA;NA;NA;NA;NA;NA;NA;NA;NA;NA;NA;NA;NA;NA;NA;NA;NA;NA;NA;NA;NA;NA;16832;NA;NA;NA;NA;NA;NA;NA;NA;NA;NA;NA;NA;NA;NA;NA;NA;NA;NA;NA;NA;NA;NA;NA;NA;NA;NA;NA;NA;NA;NA;NA;NA;NA;NA;NA;NA;NA;NA;NA;NA;NA;NA;NA;NA;NA;NA;NA;NA;NA;NA;1197;NA;NA;NA;NA;NA;NA;NA;NA;NA;NA;NA;NA;NA;NA;NA;NA;NA;NA;NA;NA;NA;NA;NA;NA;NA;NA;NA;NA;NA;NA;NA;NA;NA;NA;NA;NA;NA;NA;NA;NA;NA;NA;NA;NA;NA;NA;NA;NA;NA;NA;NA;NA;NA;NA;NA;NA;NA;NA;NA;NA;NA;NA;NA;NA;NA;NA;NA;NA;NA;NA;NA;NA;NA;NA;NA;NA;NA;NA;NA;NA;NA;NA;NA;NA;NA;NA;NA;NA;NA;NA;NA;NA;NA;NA;NA;NA;NA;NA;NA;NA;NA;9248;NA;NA;NA;NA;NA;NA;NA;NA;NA;NA;NA;NA;NA;NA;NA;NA;NA;NA;NA;NA;NA;NA;NA;NA;NA;NA;NA;NA;NA;NA;NA;NA;NA;NA;NA;NA;NA;NA;NA;NA;NA;NA;NA;NA;NA;NA;NA;NA;NA;NA;NA;NA;NA;NA;NA;NA;NA
"1951-12-31";NA;NA;NA;NA;NA;NA;NA;NA;NA;NA;NA;NA;NA;NA;NA;NA;NA;NA;NA;NA;NA;NA;NA;NA;NA;NA;NA;NA;NA;NA;NA;NA;NA;NA;NA;NA;NA;NA;NA;NA;NA;NA;NA;NA;21891;NA;NA;NA;NA;NA;NA;NA;NA;NA;NA;NA;NA;NA;NA;NA;NA;NA;NA;NA;NA;NA;NA;NA;NA;NA;NA;NA;NA;NA;NA;NA;NA;NA;NA;NA;NA;NA;NA;NA;NA;NA;NA;NA;NA;NA;NA;NA;NA;NA;NA;1472;NA;NA;NA;NA;NA;NA;NA;NA;NA;NA;NA;NA;NA;NA;NA;NA;NA;NA;NA;NA;NA;NA;NA;NA;NA;NA;NA;NA;NA;NA;NA;NA;NA;NA;NA;NA;NA;NA;NA;NA;NA;NA;NA;NA;NA;NA;NA;NA;NA;NA;NA;NA;NA;NA;NA;NA;NA;NA;NA;NA;NA;NA;NA;NA;NA;NA;NA;NA;NA;NA;NA;NA;NA;NA;NA;NA;NA;NA;NA;NA;NA;NA;NA;NA;NA;NA;NA;NA;NA;NA;NA;NA;NA;NA;NA;NA;NA;NA;NA;NA;NA;10261;NA;NA;NA;NA;NA;NA;NA;NA;NA;NA;NA;NA;NA;NA;NA;NA;NA;NA;NA;NA;NA;NA;NA;NA;NA;NA;NA;NA;NA;NA;NA;NA;NA;NA;NA;NA;NA;NA;NA;NA;NA;NA;NA;NA;NA;NA;NA;NA;NA;NA;NA;NA;NA;NA;NA;NA;NA
"1952-12-31";NA;NA;NA;NA;NA;NA;NA;NA;NA;NA;NA;NA;NA;NA;NA;NA;NA;NA;NA;NA;NA;NA;NA;NA;NA;NA;NA;NA;NA;NA;NA;NA;NA;NA;NA;NA;NA;NA;NA;NA;NA;NA;NA;NA;23383;NA;NA;NA;NA;NA;NA;NA;NA;NA;NA;NA;NA;NA;NA;NA;NA;NA;NA;NA;NA;NA;NA;NA;NA;NA;NA;NA;NA;NA;NA;NA;NA;NA;NA;NA;NA;NA;NA;NA;NA;NA;NA;NA;NA;NA;NA;NA;NA;NA;NA;1602;NA;NA;NA;NA;NA;NA;NA;NA;NA;NA;NA;NA;NA;NA;NA;NA;NA;NA;NA;NA;NA;NA;NA;NA;NA;NA;NA;NA;NA;NA;NA;NA;NA;NA;NA;NA;NA;NA;NA;NA;NA;NA;NA;NA;NA;NA;NA;NA;NA;NA;NA;NA;NA;NA;NA;NA;NA;NA;NA;NA;NA;NA;NA;NA;NA;NA;NA;NA;NA;NA;NA;NA;NA;NA;NA;NA;NA;NA;NA;NA;NA;NA;NA;NA;NA;NA;NA;NA;NA;NA;NA;NA;NA;NA;NA;NA;NA;NA;NA;NA;NA;10840;NA;NA;NA;NA;NA;NA;NA;NA;NA;NA;NA;NA;NA;NA;NA;NA;NA;NA;NA;NA;NA;NA;NA;NA;NA;NA;NA;NA;NA;NA;NA;NA;NA;NA;NA;NA;NA;NA;NA;NA;NA;NA;NA;NA;NA;NA;NA;NA;NA;NA;NA;NA;NA;NA;NA;NA;NA
"1953-12-31";NA;NA;NA;NA;NA;NA;NA;NA;NA;NA;NA;NA;NA;NA;NA;NA;NA;NA;NA;NA;NA;NA;NA;NA;NA;NA;NA;NA;NA;NA;NA;NA;NA;NA;NA;NA;NA;NA;NA;NA;NA;NA;NA;NA;23545;NA;NA;NA;NA;NA;NA;NA;NA;NA;NA;NA;NA;NA;NA;NA;NA;NA;NA;NA;NA;NA;NA;NA;NA;NA;NA;NA;NA;NA;NA;NA;NA;NA;NA;NA;NA;NA;NA;NA;NA;NA;NA;NA;NA;NA;NA;NA;NA;NA;NA;1650;NA;NA;NA;NA;NA;NA;NA;NA;NA;NA;NA;NA;NA;NA;NA;NA;NA;NA;NA;NA;NA;NA;NA;NA;NA;NA;NA;NA;NA;NA;NA;NA;NA;NA;NA;NA;NA;NA;NA;NA;NA;NA;NA;NA;NA;NA;NA;NA;NA;NA;NA;NA;NA;NA;NA;NA;NA;NA;NA;NA;NA;NA;NA;NA;NA;NA;NA;NA;NA;NA;NA;NA;NA;NA;NA;NA;NA;NA;NA;NA;NA;NA;NA;NA;NA;NA;NA;NA;NA;NA;NA;NA;NA;NA;NA;NA;NA;NA;NA;NA;NA;11169;NA;NA;NA;NA;NA;NA;NA;NA;NA;NA;NA;NA;NA;NA;NA;NA;NA;NA;NA;NA;NA;NA;NA;NA;NA;NA;NA;NA;NA;NA;NA;NA;NA;NA;NA;NA;NA;NA;NA;NA;NA;NA;NA;NA;NA;NA;NA;NA;NA;NA;NA;NA;NA;NA;NA;NA;NA
"1954-12-31";NA;NA;NA;NA;NA;NA;NA;NA;NA;NA;NA;NA;NA;NA;NA;NA;NA;NA;NA;NA;NA;NA;NA;NA;NA;NA;NA;NA;NA;NA;NA;NA;NA;NA;NA;NA;NA;NA;NA;NA;NA;NA;NA;NA;24984;NA;NA;NA;NA;NA;NA;NA;NA;NA;NA;NA;NA;NA;NA;NA;NA;NA;NA;NA;NA;NA;NA;NA;NA;NA;NA;NA;NA;NA;NA;NA;NA;NA;NA;NA;NA;NA;NA;NA;NA;NA;NA;NA;NA;NA;NA;NA;NA;NA;NA;1748;NA;NA;NA;NA;NA;NA;NA;NA;NA;NA;NA;NA;NA;NA;NA;NA;NA;NA;NA;NA;NA;NA;NA;NA;NA;NA;NA;NA;NA;NA;NA;NA;NA;NA;NA;NA;NA;NA;NA;NA;NA;NA;NA;NA;NA;NA;NA;NA;NA;NA;NA;NA;NA;NA;NA;NA;NA;NA;NA;NA;NA;NA;NA;NA;NA;NA;NA;NA;NA;NA;NA;NA;NA;NA;NA;NA;NA;NA;NA;NA;NA;NA;NA;NA;NA;NA;NA;NA;NA;NA;NA;NA;NA;NA;NA;NA;NA;NA;NA;NA;NA;11594;NA;NA;NA;NA;NA;NA;NA;NA;NA;NA;NA;NA;NA;NA;NA;NA;NA;NA;NA;NA;NA;NA;NA;NA;NA;NA;NA;NA;NA;NA;NA;NA;NA;NA;NA;NA;NA;NA;NA;NA;NA;NA;NA;NA;NA;NA;NA;NA;NA;NA;NA;NA;NA;NA;NA;NA;NA
"1955-12-31";NA;NA;NA;NA;NA;NA;NA;NA;NA;NA;NA;NA;NA;NA;NA;NA;NA;NA;NA;NA;NA;NA;NA;NA;NA;NA;NA;NA;NA;NA;NA;NA;NA;NA;NA;NA;NA;NA;NA;NA;NA;NA;NA;NA;27032;NA;NA;NA;NA;NA;NA;NA;NA;NA;NA;NA;NA;NA;NA;NA;NA;NA;NA;NA;NA;NA;NA;NA;NA;NA;NA;NA;NA;NA;NA;NA;NA;NA;NA;NA;NA;NA;NA;NA;NA;NA;NA;NA;NA;NA;NA;NA;NA;NA;NA;1880;NA;NA;NA;NA;NA;NA;NA;NA;NA;NA;NA;NA;NA;NA;NA;NA;NA;NA;NA;NA;NA;NA;NA;NA;NA;NA;NA;NA;NA;NA;NA;NA;NA;NA;NA;NA;NA;NA;NA;NA;NA;NA;NA;NA;NA;NA;NA;NA;NA;NA;NA;NA;NA;NA;NA;NA;NA;NA;NA;NA;NA;NA;NA;NA;NA;NA;NA;NA;NA;NA;NA;NA;NA;NA;NA;NA;NA;NA;NA;NA;NA;NA;NA;NA;NA;NA;NA;NA;NA;NA;NA;NA;NA;NA;NA;NA;NA;NA;NA;NA;NA;12122;NA;NA;NA;NA;NA;NA;NA;NA;NA;NA;NA;NA;NA;NA;NA;NA;NA;NA;NA;NA;NA;NA;NA;NA;NA;NA;NA;NA;NA;NA;NA;NA;NA;NA;NA;NA;NA;NA;NA;NA;NA;NA;NA;NA;NA;NA;NA;NA;NA;NA;NA;NA;NA;NA;NA;NA;NA
"1956-12-31";NA;NA;NA;NA;NA;NA;NA;NA;NA;NA;NA;NA;NA;NA;NA;NA;NA;NA;NA;NA;NA;NA;NA;NA;NA;NA;NA;NA;NA;NA;NA;NA;NA;NA;NA;NA;NA;NA;NA;NA;NA;NA;NA;NA;29430;NA;NA;NA;NA;NA;NA;NA;NA;NA;NA;NA;NA;NA;NA;NA;NA;NA;NA;NA;NA;NA;NA;NA;NA;NA;NA;NA;NA;NA;NA;NA;NA;NA;NA;NA;NA;NA;NA;NA;NA;NA;NA;NA;NA;NA;NA;NA;NA;NA;NA;2040;NA;NA;NA;NA;NA;NA;NA;NA;NA;NA;NA;NA;NA;NA;NA;NA;NA;NA;NA;NA;NA;NA;NA;NA;NA;NA;NA;NA;NA;NA;NA;NA;NA;NA;NA;NA;NA;NA;NA;NA;NA;NA;NA;NA;NA;NA;NA;NA;NA;NA;NA;NA;NA;NA;NA;NA;NA;NA;NA;NA;NA;NA;NA;NA;NA;NA;NA;NA;NA;NA;NA;NA;NA;NA;NA;NA;NA;NA;NA;NA;NA;NA;NA;NA;NA;NA;NA;NA;NA;NA;NA;NA;NA;NA;NA;NA;NA;NA;NA;NA;NA;12882;NA;NA;NA;NA;NA;NA;NA;NA;NA;NA;NA;NA;NA;NA;NA;NA;NA;NA;NA;NA;NA;NA;NA;NA;NA;NA;NA;NA;NA;NA;NA;NA;NA;NA;NA;NA;NA;NA;NA;NA;NA;NA;NA;NA;NA;NA;NA;NA;NA;NA;NA;NA;NA;NA;NA;NA;NA
"1957-12-31";NA;NA;NA;NA;NA;NA;NA;NA;NA;NA;NA;NA;NA;NA;NA;NA;NA;NA;NA;NA;NA;NA;NA;NA;NA;NA;NA;NA;NA;NA;NA;NA;NA;NA;NA;NA;NA;NA;NA;NA;NA;NA;NA;NA;31565;NA;NA;NA;NA;NA;NA;NA;NA;NA;NA;NA;NA;NA;NA;NA;NA;NA;NA;NA;NA;NA;NA;NA;NA;NA;NA;NA;NA;NA;NA;NA;NA;NA;NA;NA;NA;NA;NA;NA;NA;NA;NA;NA;NA;NA;NA;NA;NA;NA;NA;2178;NA;NA;NA;NA;NA;NA;NA;NA;NA;NA;NA;NA;NA;NA;NA;NA;NA;NA;NA;NA;NA;NA;NA;NA;NA;NA;NA;NA;NA;NA;NA;NA;NA;NA;NA;NA;NA;NA;NA;NA;NA;NA;NA;NA;NA;NA;NA;NA;NA;NA;NA;NA;NA;NA;NA;NA;NA;NA;NA;NA;NA;NA;NA;NA;NA;NA;NA;NA;NA;NA;NA;NA;NA;NA;NA;NA;NA;NA;NA;NA;NA;NA;NA;NA;NA;NA;NA;NA;NA;NA;NA;NA;NA;NA;NA;NA;NA;NA;NA;NA;NA;13339;NA;NA;NA;NA;NA;NA;NA;NA;NA;NA;NA;NA;NA;NA;NA;NA;NA;NA;NA;NA;NA;NA;NA;NA;NA;NA;NA;NA;NA;NA;NA;NA;NA;NA;NA;NA;NA;NA;NA;NA;NA;NA;NA;NA;NA;NA;NA;NA;NA;NA;NA;NA;NA;NA;NA;NA;NA
"1958-12-31";NA;NA;NA;NA;NA;NA;NA;NA;NA;NA;NA;NA;NA;NA;NA;NA;NA;NA;NA;NA;NA;NA;NA;NA;NA;NA;NA;NA;NA;NA;NA;NA;NA;NA;NA;NA;NA;NA;NA;NA;NA;NA;NA;NA;32946;NA;NA;NA;NA;NA;NA;NA;NA;NA;NA;NA;NA;NA;NA;NA;NA;NA;NA;NA;NA;NA;NA;NA;NA;NA;NA;NA;NA;NA;NA;NA;NA;NA;NA;NA;NA;NA;NA;NA;NA;NA;NA;NA;NA;NA;NA;NA;NA;NA;NA;2290;NA;NA;NA;NA;NA;NA;NA;NA;NA;NA;NA;NA;NA;NA;NA;NA;NA;NA;NA;NA;NA;NA;NA;NA;NA;NA;NA;NA;NA;NA;NA;NA;NA;NA;NA;NA;NA;NA;NA;NA;NA;NA;NA;NA;NA;NA;NA;NA;NA;NA;NA;NA;NA;NA;NA;NA;NA;NA;NA;NA;NA;NA;NA;NA;NA;NA;NA;NA;NA;NA;NA;NA;NA;NA;NA;NA;NA;NA;NA;NA;NA;NA;NA;NA;NA;NA;NA;NA;NA;NA;NA;NA;NA;NA;NA;NA;NA;NA;NA;NA;NA;13845;NA;NA;NA;NA;NA;NA;NA;NA;NA;NA;NA;NA;NA;NA;NA;NA;NA;NA;NA;NA;NA;NA;NA;NA;NA;NA;NA;NA;NA;NA;NA;NA;NA;NA;NA;NA;NA;NA;NA;NA;NA;NA;NA;NA;NA;NA;NA;NA;NA;NA;NA;NA;NA;NA;NA;NA;NA
"1959-12-31";NA;NA;NA;NA;NA;NA;NA;NA;NA;NA;NA;NA;NA;NA;NA;NA;NA;NA;NA;NA;NA;NA;NA;NA;NA;NA;NA;NA;NA;NA;NA;NA;NA;NA;NA;NA;NA;NA;NA;NA;NA;NA;NA;NA;34930;NA;NA;NA;NA;NA;NA;NA;NA;NA;NA;NA;NA;NA;NA;NA;NA;NA;NA;NA;NA;NA;NA;NA;NA;NA;NA;NA;NA;NA;NA;NA;NA;NA;NA;NA;NA;NA;NA;NA;NA;NA;NA;NA;NA;NA;NA;NA;NA;NA;NA;2437;NA;NA;NA;NA;NA;NA;NA;NA;NA;NA;NA;NA;NA;NA;NA;NA;NA;NA;NA;NA;NA;NA;NA;NA;NA;NA;NA;NA;NA;NA;NA;NA;NA;NA;NA;NA;NA;NA;NA;NA;NA;NA;NA;NA;NA;NA;NA;NA;NA;NA;NA;NA;NA;NA;NA;NA;NA;NA;NA;NA;NA;NA;NA;NA;NA;NA;NA;NA;NA;NA;NA;NA;NA;NA;NA;NA;NA;NA;NA;NA;NA;NA;NA;NA;NA;NA;NA;NA;NA;NA;NA;NA;NA;NA;NA;NA;NA;NA;NA;NA;NA;14544;NA;NA;NA;NA;NA;NA;NA;NA;NA;NA;NA;NA;NA;NA;NA;NA;NA;NA;NA;NA;NA;NA;NA;NA;NA;NA;NA;NA;NA;NA;NA;NA;NA;NA;NA;NA;NA;NA;NA;NA;NA;NA;NA;NA;NA;NA;NA;NA;NA;NA;NA;NA;NA;NA;NA;NA;NA
"1960-12-31";NA;NA;NA;NA;NA;NA;NA;NA;NA;NA;NA;NA;NA;NA;NA;NA;NA;NA;NA;NA;NA;NA;NA;NA;NA;NA;NA;NA;NA;NA;NA;NA;NA;NA;NA;NA;NA;NA;NA;NA;NA;NA;NA;NA;37594;NA;NA;NA;NA;NA;NA;NA;NA;NA;NA;NA;NA;NA;NA;NA;NA;NA;NA;NA;NA;NA;NA;NA;NA;NA;NA;NA;NA;NA;NA;NA;NA;NA;NA;NA;NA;NA;NA;NA;NA;NA;NA;NA;NA;NA;NA;NA;NA;NA;NA;2636;NA;NA;NA;NA;NA;NA;NA;NA;NA;NA;NA;NA;NA;NA;NA;NA;NA;NA;NA;NA;NA;NA;NA;NA;NA;NA;NA;NA;NA;NA;NA;NA;NA;NA;NA;NA;NA;NA;NA;NA;NA;NA;NA;NA;NA;NA;NA;NA;NA;NA;NA;NA;NA;NA;NA;NA;NA;NA;NA;NA;NA;NA;NA;NA;NA;NA;NA;NA;NA;NA;NA;NA;NA;NA;NA;NA;NA;NA;NA;NA;NA;NA;NA;NA;NA;NA;NA;NA;NA;NA;NA;NA;NA;NA;NA;NA;NA;NA;NA;NA;NA;15285;NA;NA;NA;NA;NA;NA;NA;NA;NA;NA;NA;NA;NA;NA;NA;NA;NA;NA;NA;NA;NA;NA;NA;NA;NA;NA;NA;NA;NA;NA;NA;NA;NA;NA;NA;NA;NA;NA;NA;NA;NA;NA;NA;NA;NA;NA;NA;NA;NA;NA;NA;NA;NA;NA;NA;NA;NA
"1961-12-31";NA;NA;NA;NA;NA;NA;NA;NA;NA;NA;NA;NA;NA;NA;NA;NA;NA;NA;NA;NA;NA;NA;NA;NA;NA;NA;NA;NA;NA;NA;NA;NA;NA;NA;NA;NA;NA;NA;NA;NA;NA;NA;NA;NA;41157;NA;NA;NA;NA;NA;NA;NA;NA;NA;NA;NA;NA;NA;NA;NA;NA;NA;NA;NA;NA;NA;NA;NA;NA;NA;NA;NA;NA;NA;NA;NA;NA;NA;NA;NA;NA;NA;NA;NA;NA;NA;NA;NA;NA;NA;NA;NA;NA;NA;NA;2852;NA;NA;NA;NA;NA;NA;NA;NA;NA;NA;NA;NA;NA;NA;NA;NA;NA;NA;NA;NA;NA;NA;NA;NA;NA;NA;NA;NA;NA;NA;NA;NA;NA;NA;NA;NA;NA;NA;NA;NA;NA;NA;NA;NA;NA;NA;NA;NA;NA;NA;NA;NA;NA;NA;NA;NA;NA;NA;NA;NA;NA;NA;NA;NA;NA;NA;NA;NA;NA;NA;NA;NA;NA;NA;NA;NA;NA;NA;NA;NA;NA;NA;NA;NA;NA;NA;NA;NA;NA;NA;NA;NA;NA;NA;NA;NA;NA;NA;NA;NA;NA;15766;NA;NA;NA;NA;NA;NA;NA;NA;NA;NA;NA;NA;NA;NA;NA;NA;NA;NA;NA;NA;NA;NA;NA;NA;NA;NA;NA;NA;NA;NA;NA;NA;NA;NA;NA;NA;NA;NA;NA;NA;NA;NA;NA;NA;NA;NA;NA;NA;NA;NA;NA;NA;NA;NA;NA;NA;NA
"1962-12-31";NA;NA;NA;NA;NA;NA;NA;NA;NA;NA;NA;NA;NA;NA;NA;NA;NA;NA;NA;NA;NA;NA;NA;NA;NA;NA;NA;NA;NA;NA;NA;NA;NA;NA;NA;NA;NA;NA;NA;NA;NA;NA;NA;NA;44370;NA;NA;NA;NA;NA;NA;NA;NA;NA;NA;NA;NA;NA;NA;NA;NA;NA;NA;NA;NA;NA;NA;NA;NA;NA;NA;NA;NA;NA;NA;NA;NA;NA;NA;NA;NA;NA;NA;NA;NA;NA;NA;NA;NA;NA;NA;NA;NA;NA;NA;3090;NA;NA;NA;NA;NA;NA;NA;NA;NA;NA;NA;NA;NA;NA;NA;NA;NA;NA;NA;NA;NA;NA;NA;NA;NA;NA;NA;NA;NA;NA;NA;NA;NA;NA;NA;NA;NA;NA;NA;NA;NA;NA;NA;NA;NA;NA;NA;NA;NA;NA;NA;NA;NA;NA;NA;NA;NA;NA;NA;NA;NA;NA;NA;NA;NA;NA;NA;NA;NA;NA;NA;NA;NA;NA;NA;NA;NA;NA;NA;NA;NA;NA;NA;NA;NA;NA;NA;NA;NA;NA;NA;NA;NA;NA;NA;NA;NA;NA;NA;NA;NA;15853;NA;NA;NA;NA;NA;NA;NA;NA;NA;NA;NA;NA;NA;NA;NA;NA;NA;NA;NA;NA;NA;NA;NA;NA;NA;NA;NA;NA;NA;NA;NA;NA;NA;NA;NA;NA;NA;NA;NA;NA;NA;NA;NA;NA;NA;NA;NA;NA;NA;NA;NA;NA;NA;NA;NA;NA;NA
"1963-12-31";NA;NA;NA;NA;NA;NA;NA;NA;NA;NA;NA;NA;NA;NA;NA;NA;NA;NA;NA;NA;NA;NA;NA;NA;NA;NA;NA;NA;NA;NA;NA;NA;NA;NA;NA;NA;NA;NA;NA;NA;NA;NA;NA;NA;48864;NA;NA;NA;NA;NA;NA;NA;NA;NA;NA;NA;NA;NA;NA;NA;NA;NA;NA;NA;NA;NA;NA;NA;NA;NA;NA;NA;NA;NA;NA;NA;NA;NA;NA;NA;NA;NA;NA;NA;NA;NA;NA;NA;NA;NA;NA;NA;NA;NA;NA;3343;NA;NA;NA;NA;NA;NA;NA;NA;NA;NA;NA;NA;NA;NA;NA;NA;NA;NA;NA;NA;NA;NA;NA;NA;NA;NA;NA;NA;NA;NA;NA;NA;NA;NA;NA;NA;NA;NA;NA;NA;NA;NA;NA;NA;NA;NA;NA;NA;NA;NA;NA;NA;NA;NA;NA;NA;NA;NA;NA;NA;NA;NA;NA;NA;NA;NA;NA;NA;NA;NA;NA;NA;NA;NA;NA;NA;NA;NA;NA;NA;NA;NA;NA;NA;NA;NA;NA;NA;NA;NA;NA;NA;NA;NA;NA;NA;NA;NA;NA;NA;NA;15726;NA;NA;NA;NA;NA;NA;NA;NA;NA;NA;NA;NA;NA;NA;NA;NA;NA;NA;NA;NA;NA;NA;NA;NA;NA;NA;NA;NA;NA;NA;NA;NA;NA;NA;NA;NA;NA;NA;NA;NA;NA;NA;NA;NA;NA;NA;NA;NA;NA;NA;NA;NA;NA;NA;NA;NA;NA
"1964-12-31";NA;NA;NA;NA;NA;NA;NA;NA;NA;NA;NA;NA;NA;NA;NA;NA;NA;NA;NA;NA;NA;NA;NA;NA;NA;NA;NA;NA;NA;NA;NA;NA;NA;NA;NA;NA;NA;NA;NA;NA;NA;NA;NA;NA;55231;NA;NA;NA;NA;NA;NA;NA;NA;NA;NA;NA;NA;NA;NA;NA;NA;NA;NA;NA;NA;NA;NA;NA;NA;NA;NA;NA;NA;NA;NA;NA;NA;NA;NA;NA;NA;NA;NA;NA;NA;NA;NA;NA;NA;NA;NA;NA;NA;NA;NA;3718;NA;NA;NA;NA;NA;NA;NA;NA;NA;NA;NA;NA;NA;NA;NA;NA;NA;NA;NA;NA;NA;NA;NA;NA;NA;NA;NA;NA;NA;NA;NA;NA;NA;NA;NA;NA;NA;NA;NA;NA;NA;NA;NA;NA;NA;NA;NA;NA;NA;NA;NA;NA;NA;NA;NA;NA;NA;NA;NA;NA;NA;NA;NA;NA;NA;NA;NA;NA;NA;NA;NA;NA;NA;NA;NA;NA;NA;NA;NA;NA;NA;NA;NA;NA;NA;NA;NA;NA;NA;NA;NA;NA;NA;NA;NA;NA;NA;NA;NA;NA;NA;17107;NA;NA;NA;NA;NA;NA;NA;NA;NA;NA;NA;NA;NA;NA;NA;NA;NA;NA;NA;NA;NA;NA;NA;NA;NA;NA;NA;NA;NA;NA;NA;NA;NA;NA;NA;NA;NA;NA;NA;NA;NA;NA;NA;NA;NA;NA;NA;NA;NA;NA;NA;NA;NA;NA;NA;NA;NA
"1965-12-31";NA;NA;NA;NA;NA;NA;NA;NA;NA;NA;NA;NA;NA;NA;NA;NA;NA;NA;NA;NA;NA;NA;NA;NA;NA;NA;NA;NA;NA;NA;NA;NA;NA;NA;NA;NA;NA;NA;NA;NA;NA;NA;NA;NA;60272;NA;NA;NA;NA;NA;NA;NA;NA;NA;NA;NA;NA;NA;NA;NA;NA;NA;NA;NA;NA;NA;NA;NA;NA;NA;NA;NA;NA;NA;NA;NA;NA;NA;NA;NA;NA;NA;NA;NA;NA;NA;NA;NA;NA;NA;NA;NA;NA;NA;NA;4127;NA;NA;NA;NA;NA;NA;NA;NA;NA;NA;NA;NA;NA;NA;NA;NA;NA;NA;NA;NA;NA;NA;NA;NA;NA;NA;NA;NA;NA;NA;NA;NA;NA;NA;NA;NA;NA;NA;NA;NA;NA;NA;NA;NA;NA;NA;NA;NA;NA;NA;NA;NA;NA;NA;NA;NA;NA;NA;NA;NA;NA;NA;NA;NA;NA;NA;NA;NA;NA;NA;NA;NA;NA;NA;NA;NA;NA;NA;NA;NA;NA;NA;NA;NA;NA;NA;NA;NA;NA;NA;NA;NA;NA;NA;NA;NA;NA;NA;NA;NA;NA;18198;NA;NA;NA;NA;NA;NA;NA;NA;NA;NA;NA;NA;NA;NA;NA;NA;NA;NA;NA;NA;NA;NA;NA;NA;NA;NA;NA;NA;NA;NA;NA;NA;NA;NA;NA;NA;NA;NA;NA;NA;NA;NA;NA;NA;NA;NA;NA;NA;NA;NA;NA;NA;NA;NA;NA;NA;NA
"1966-12-31";NA;NA;NA;NA;NA;NA;NA;NA;NA;NA;NA;NA;NA;NA;NA;NA;NA;NA;NA;NA;NA;NA;NA;NA;NA;NA;NA;NA;NA;NA;NA;NA;NA;NA;NA;NA;NA;NA;NA;NA;NA;NA;NA;NA;64274;NA;NA;NA;NA;NA;NA;NA;NA;NA;NA;NA;NA;NA;NA;NA;NA;NA;NA;NA;NA;NA;NA;NA;NA;NA;NA;NA;NA;NA;NA;NA;NA;NA;NA;NA;NA;NA;NA;NA;NA;NA;NA;NA;NA;NA;NA;NA;NA;NA;NA;4520;NA;NA;NA;NA;NA;NA;NA;NA;NA;NA;NA;NA;NA;NA;NA;NA;NA;NA;NA;NA;NA;NA;NA;NA;NA;NA;NA;NA;NA;NA;NA;NA;NA;NA;NA;NA;NA;NA;NA;NA;NA;NA;NA;NA;NA;NA;NA;NA;NA;NA;NA;NA;NA;NA;NA;NA;NA;NA;NA;NA;NA;NA;NA;NA;NA;NA;NA;NA;NA;NA;NA;NA;NA;NA;NA;NA;NA;NA;NA;NA;NA;NA;NA;NA;NA;NA;NA;NA;NA;NA;NA;NA;NA;NA;NA;NA;NA;NA;NA;NA;NA;18901;NA;NA;NA;NA;NA;NA;NA;NA;NA;NA;NA;NA;NA;NA;NA;NA;NA;NA;NA;NA;NA;NA;NA;NA;NA;NA;NA;NA;NA;NA;NA;NA;NA;NA;NA;NA;NA;NA;NA;NA;NA;NA;NA;NA;NA;NA;NA;NA;NA;NA;NA;NA;NA;NA;NA;NA;NA
"1967-12-31";NA;NA;NA;NA;NA;NA;NA;NA;NA;NA;NA;NA;NA;NA;NA;NA;NA;NA;NA;NA;NA;NA;NA;NA;NA;NA;NA;NA;NA;NA;NA;NA;NA;NA;NA;NA;NA;NA;NA;NA;NA;NA;NA;NA;69450;NA;NA;NA;NA;NA;NA;NA;NA;NA;NA;NA;NA;NA;NA;NA;NA;NA;NA;NA;NA;NA;NA;NA;NA;NA;NA;NA;NA;NA;NA;NA;NA;NA;NA;NA;NA;NA;NA;NA;NA;NA;NA;NA;NA;NA;NA;NA;NA;NA;NA;4934;NA;NA;NA;NA;NA;NA;NA;NA;NA;NA;NA;NA;NA;NA;NA;NA;NA;NA;NA;NA;NA;NA;NA;NA;NA;NA;NA;NA;NA;NA;NA;NA;NA;NA;NA;NA;NA;NA;NA;NA;NA;NA;NA;NA;NA;NA;NA;NA;NA;NA;NA;NA;NA;NA;NA;NA;NA;NA;NA;NA;NA;NA;NA;NA;NA;NA;NA;NA;NA;NA;NA;NA;NA;NA;NA;NA;NA;NA;NA;NA;NA;NA;NA;NA;NA;NA;NA;NA;NA;NA;NA;NA;NA;NA;NA;NA;NA;NA;NA;NA;NA;19686;NA;NA;NA;NA;NA;NA;NA;NA;NA;NA;NA;NA;NA;NA;NA;NA;NA;NA;NA;NA;NA;NA;NA;NA;NA;NA;NA;NA;NA;NA;NA;NA;NA;NA;NA;NA;NA;NA;NA;NA;NA;NA;NA;NA;NA;NA;NA;NA;NA;NA;NA;NA;NA;NA;NA;NA;NA
"1968-12-31";NA;NA;NA;NA;NA;NA;NA;NA;NA;NA;NA;NA;NA;NA;NA;NA;NA;NA;NA;NA;NA;NA;NA;NA;NA;NA;NA;NA;NA;NA;NA;NA;NA;NA;NA;NA;NA;NA;NA;NA;NA;NA;NA;NA;74091;NA;NA;NA;NA;NA;NA;NA;NA;NA;NA;NA;NA;NA;NA;NA;NA;NA;NA;NA;NA;NA;NA;NA;NA;NA;NA;NA;NA;NA;NA;NA;NA;NA;NA;NA;NA;NA;NA;NA;NA;NA;NA;NA;NA;NA;NA;NA;NA;NA;NA;5293;NA;NA;NA;NA;NA;NA;NA;NA;NA;NA;NA;NA;NA;NA;NA;NA;NA;NA;NA;NA;NA;NA;NA;NA;NA;NA;NA;NA;NA;NA;NA;NA;NA;NA;NA;NA;NA;NA;NA;NA;NA;NA;NA;NA;NA;NA;NA;NA;NA;NA;NA;NA;NA;NA;NA;NA;NA;NA;NA;NA;NA;NA;NA;NA;NA;NA;NA;NA;NA;NA;NA;NA;NA;NA;NA;NA;NA;NA;NA;NA;NA;NA;NA;NA;NA;NA;NA;NA;NA;NA;NA;NA;NA;NA;NA;NA;NA;NA;NA;NA;NA;20216;NA;NA;NA;NA;NA;NA;NA;NA;NA;NA;NA;NA;NA;NA;NA;NA;NA;NA;NA;NA;NA;NA;NA;NA;NA;NA;NA;NA;NA;NA;NA;NA;NA;NA;NA;NA;NA;NA;NA;NA;NA;NA;NA;NA;NA;NA;NA;NA;NA;NA;NA;NA;NA;NA;NA;NA;NA
"1969-12-31";NA;NA;NA;NA;NA;NA;NA;NA;NA;NA;NA;NA;NA;NA;NA;NA;NA;NA;NA;NA;NA;NA;NA;NA;NA;NA;NA;NA;NA;NA;NA;NA;NA;NA;NA;NA;NA;NA;NA;NA;NA;NA;NA;NA;82882;NA;NA;NA;NA;NA;NA;NA;NA;NA;NA;NA;NA;NA;NA;NA;NA;NA;NA;NA;NA;NA;NA;NA;NA;NA;NA;NA;NA;NA;NA;NA;NA;NA;NA;NA;NA;NA;NA;NA;NA;NA;NA;NA;NA;NA;NA;NA;NA;NA;NA;5738;NA;NA;NA;NA;NA;NA;NA;NA;NA;NA;NA;NA;NA;NA;NA;NA;NA;NA;NA;NA;NA;NA;NA;NA;NA;NA;NA;NA;NA;NA;NA;NA;NA;NA;NA;NA;NA;NA;NA;NA;NA;NA;NA;NA;NA;NA;NA;NA;NA;NA;NA;NA;NA;NA;NA;NA;NA;NA;NA;NA;NA;NA;NA;NA;NA;NA;NA;NA;NA;NA;NA;NA;NA;NA;NA;NA;NA;NA;NA;NA;NA;NA;NA;NA;NA;NA;NA;NA;NA;NA;NA;NA;NA;NA;NA;NA;NA;NA;NA;NA;NA;21304;NA;NA;NA;NA;NA;NA;NA;NA;NA;NA;NA;NA;NA;NA;NA;NA;NA;NA;NA;NA;NA;NA;NA;NA;NA;NA;NA;NA;NA;NA;NA;NA;NA;NA;NA;NA;NA;NA;NA;NA;NA;NA;NA;NA;NA;NA;NA;NA;NA;NA;NA;NA;NA;NA;NA;NA;NA
"1970-12-31";NA;NA;NA;NA;NA;NA;NA;NA;NA;NA;NA;NA;NA;NA;NA;NA;NA;NA;NA;NA;NA;NA;NA;NA;NA;NA;NA;NA;NA;NA;NA;NA;NA;NA;NA;NA;NA;NA;NA;NA;NA;NA;NA;NA;91990;NA;NA;NA;NA;523323;NA;NA;NA;NA;NA;NA;NA;NA;NA;NA;NA;NA;NA;NA;NA;NA;NA;NA;NA;NA;NA;NA;NA;NA;NA;NA;NA;NA;NA;NA;NA;NA;NA;NA;NA;NA;NA;NA;NA;NA;NA;NA;NA;NA;NA;6378;NA;NA;NA;NA;36693;NA;NA;NA;NA;NA;NA;NA;NA;NA;NA;NA;NA;NA;NA;NA;NA;NA;NA;NA;NA;NA;NA;NA;NA;NA;NA;NA;NA;NA;NA;NA;NA;NA;NA;NA;NA;NA;NA;NA;NA;NA;NA;NA;NA;NA;NA;NA;NA;NA;NA;129824;NA;NA;NA;NA;NA;NA;NA;NA;NA;NA;NA;NA;NA;NA;NA;NA;NA;NA;NA;NA;NA;NA;NA;NA;NA;NA;NA;NA;NA;NA;NA;NA;NA;NA;NA;NA;NA;NA;NA;NA;NA;NA;NA;NA;NA;23048;NA;NA;NA;NA;241289;NA;NA;NA;NA;NA;NA;NA;NA;NA;NA;NA;NA;NA;NA;NA;NA;NA;NA;NA;NA;NA;NA;NA;NA;NA;NA;NA;NA;NA;NA;NA;NA;NA;NA;NA;NA;NA;NA;NA;NA;NA;NA;NA;NA;NA;NA;NA;NA;NA;NA;NA;NA
"1971-12-31";NA;NA;NA;NA;NA;NA;NA;NA;NA;NA;NA;NA;NA;NA;NA;NA;NA;NA;NA;NA;NA;NA;NA;NA;NA;NA;NA;NA;NA;NA;NA;NA;NA;NA;NA;NA;NA;NA;NA;NA;NA;NA;NA;NA;96566;NA;NA;NA;NA;563800;NA;NA;NA;NA;NA;NA;NA;NA;NA;NA;NA;NA;NA;NA;NA;NA;NA;NA;NA;NA;NA;NA;NA;NA;NA;NA;NA;NA;NA;NA;NA;NA;NA;NA;NA;NA;NA;NA;NA;NA;NA;NA;NA;NA;NA;6860;NA;NA;NA;NA;39937;NA;NA;NA;NA;NA;NA;NA;NA;NA;NA;NA;NA;NA;NA;NA;NA;NA;NA;NA;NA;NA;NA;NA;NA;NA;NA;NA;NA;NA;NA;NA;NA;NA;NA;NA;NA;NA;NA;NA;NA;NA;NA;NA;NA;NA;NA;NA;NA;NA;NA;142693;NA;NA;NA;NA;NA;NA;NA;NA;NA;NA;NA;NA;NA;NA;NA;NA;NA;NA;NA;NA;NA;NA;NA;NA;NA;NA;NA;NA;NA;NA;NA;NA;NA;NA;NA;NA;NA;NA;NA;NA;NA;NA;NA;NA;NA;22884;NA;NA;NA;NA;259976;NA;NA;NA;NA;NA;NA;NA;NA;NA;NA;NA;NA;NA;NA;NA;NA;NA;NA;NA;NA;NA;NA;NA;NA;NA;NA;NA;NA;NA;NA;NA;NA;NA;NA;NA;NA;NA;NA;NA;NA;NA;NA;NA;NA;NA;NA;NA;NA;NA;NA;NA;NA
"1972-12-31";NA;NA;NA;NA;NA;NA;NA;NA;NA;NA;NA;NA;NA;NA;NA;NA;NA;NA;NA;NA;NA;NA;NA;NA;NA;NA;NA;NA;NA;NA;NA;NA;NA;NA;NA;NA;NA;NA;NA;NA;NA;NA;NA;NA;108392;NA;NA;NA;NA;627621;NA;NA;NA;NA;NA;NA;NA;NA;NA;NA;NA;NA;NA;NA;NA;NA;NA;NA;NA;NA;NA;NA;NA;NA;NA;NA;NA;NA;NA;NA;NA;NA;NA;NA;NA;NA;NA;NA;NA;NA;NA;NA;NA;NA;NA;7481;NA;NA;NA;NA;43701;NA;NA;NA;NA;NA;NA;NA;NA;NA;NA;NA;NA;NA;NA;NA;NA;NA;NA;NA;NA;NA;NA;NA;NA;NA;NA;NA;NA;NA;NA;NA;NA;NA;NA;NA;NA;NA;NA;NA;NA;NA;NA;NA;NA;NA;NA;NA;NA;NA;NA;156060;NA;NA;NA;NA;NA;NA;NA;NA;NA;NA;NA;NA;NA;NA;NA;NA;NA;NA;NA;NA;NA;NA;NA;NA;NA;NA;NA;NA;NA;NA;NA;NA;NA;NA;NA;NA;NA;NA;NA;NA;NA;NA;NA;NA;NA;22514;NA;NA;NA;NA;283553;NA;NA;NA;NA;NA;NA;NA;NA;NA;NA;NA;NA;NA;NA;NA;NA;NA;NA;NA;NA;NA;NA;NA;NA;NA;NA;NA;NA;NA;NA;NA;NA;NA;NA;NA;NA;NA;NA;NA;NA;NA;NA;NA;NA;NA;NA;NA;NA;NA;NA;NA;NA
"1973-12-31";NA;NA;NA;NA;NA;NA;NA;NA;NA;NA;NA;NA;NA;NA;NA;NA;NA;NA;NA;NA;NA;NA;NA;NA;NA;NA;NA;NA;NA;NA;NA;NA;NA;NA;NA;NA;NA;NA;NA;NA;NA;NA;NA;NA;124183;NA;NA;NA;NA;702780;NA;NA;NA;NA;NA;NA;NA;NA;NA;NA;NA;NA;NA;NA;NA;NA;NA;NA;NA;NA;NA;NA;NA;NA;NA;NA;NA;NA;NA;NA;NA;NA;NA;NA;NA;NA;NA;NA;NA;NA;NA;NA;NA;NA;NA;8321;NA;NA;NA;NA;47570;NA;NA;NA;NA;NA;NA;NA;NA;NA;NA;NA;NA;NA;NA;NA;NA;NA;NA;NA;NA;NA;NA;NA;NA;NA;NA;NA;NA;NA;NA;NA;NA;NA;NA;NA;NA;NA;NA;NA;NA;NA;NA;NA;NA;NA;NA;NA;NA;NA;NA;167369;NA;NA;NA;NA;NA;NA;NA;NA;NA;NA;NA;NA;NA;NA;NA;NA;NA;NA;NA;NA;NA;NA;NA;NA;NA;NA;NA;NA;NA;NA;NA;NA;NA;NA;NA;NA;NA;NA;NA;NA;NA;NA;NA;NA;NA;23136;NA;NA;NA;NA;322829;NA;NA;NA;NA;NA;NA;NA;NA;NA;NA;NA;NA;NA;NA;NA;NA;NA;NA;NA;NA;NA;NA;NA;NA;NA;NA;NA;NA;NA;NA;NA;NA;NA;NA;NA;NA;NA;NA;NA;NA;NA;NA;NA;NA;NA;NA;NA;NA;NA;NA;NA;NA
"1974-12-31";NA;NA;NA;NA;NA;NA;NA;NA;NA;NA;NA;NA;NA;NA;NA;NA;NA;NA;NA;NA;NA;NA;NA;NA;NA;NA;NA;NA;NA;NA;NA;NA;NA;NA;NA;NA;NA;NA;NA;NA;NA;NA;NA;NA;143031;NA;NA;NA;NA;752599;NA;NA;NA;NA;NA;NA;NA;NA;NA;NA;NA;NA;NA;NA;NA;NA;NA;NA;NA;NA;NA;NA;NA;NA;NA;NA;NA;NA;NA;NA;NA;NA;NA;NA;NA;NA;NA;NA;NA;NA;NA;NA;NA;NA;NA;9427;NA;NA;NA;NA;54883;NA;NA;NA;NA;NA;NA;NA;NA;NA;NA;NA;NA;NA;NA;NA;NA;NA;NA;NA;NA;NA;NA;NA;NA;NA;NA;NA;NA;NA;NA;NA;NA;NA;NA;NA;NA;NA;NA;NA;NA;NA;NA;NA;NA;NA;NA;NA;NA;NA;NA;180238;NA;NA;NA;NA;NA;NA;NA;NA;NA;NA;NA;NA;NA;NA;NA;NA;NA;NA;NA;NA;NA;NA;NA;NA;NA;NA;NA;NA;NA;NA;NA;NA;NA;NA;NA;NA;NA;NA;NA;NA;NA;NA;NA;NA;NA;26612;NA;NA;NA;NA;343182;NA;NA;NA;NA;NA;NA;NA;NA;NA;NA;NA;NA;NA;NA;NA;NA;NA;NA;NA;NA;NA;NA;NA;NA;NA;NA;NA;NA;NA;NA;NA;NA;NA;NA;NA;NA;NA;NA;NA;NA;NA;NA;NA;NA;NA;NA;NA;NA;NA;NA;NA;NA
"1975-12-31";NA;NA;NA;NA;NA;NA;NA;NA;NA;NA;NA;NA;NA;NA;NA;NA;NA;NA;NA;NA;NA;NA;NA;NA;NA;NA;NA;NA;NA;0;NA;NA;NA;NA;NA;NA;NA;NA;NA;NA;NA;NA;NA;NA;165127;NA;NA;NA;NA;804768;NA;NA;NA;NA;NA;NA;NA;NA;NA;NA;NA;NA;NA;NA;NA;NA;NA;NA;NA;NA;NA;NA;NA;NA;NA;NA;NA;NA;NA;NA;0;NA;NA;NA;NA;NA;NA;NA;NA;NA;NA;NA;NA;NA;NA;11177;NA;NA;NA;NA;61473;NA;NA;NA;NA;NA;NA;NA;NA;NA;NA;NA;NA;NA;NA;NA;NA;NA;NA;NA;NA;NA;NA;NA;NA;NA;NA;NA;NA;NA;NA;0;NA;NA;NA;NA;NA;NA;NA;NA;NA;NA;NA;NA;NA;NA;NA;NA;NA;NA;NA;198679;NA;NA;NA;NA;NA;NA;NA;NA;NA;NA;NA;NA;NA;NA;NA;NA;NA;NA;NA;NA;NA;NA;NA;NA;NA;NA;NA;NA;NA;NA;0;NA;NA;NA;NA;NA;NA;NA;NA;NA;NA;NA;NA;NA;NA;31180;NA;NA;NA;NA;368129;NA;NA;NA;NA;NA;NA;NA;NA;NA;NA;NA;NA;NA;NA;NA;NA;NA;NA;NA;NA;NA;NA;NA;NA;NA;NA;NA;NA;NA;NA;NA;NA;NA;NA;NA;NA;NA;NA;NA;NA;NA;NA;NA;NA;NA;NA;NA;NA;NA;NA;NA;NA
"1976-12-31";NA;NA;NA;NA;NA;NA;NA;NA;NA;NA;NA;NA;NA;NA;NA;NA;NA;NA;NA;NA;NA;NA;NA;NA;NA;NA;NA;NA;NA;0;NA;NA;NA;NA;NA;NA;NA;NA;NA;NA;NA;NA;NA;NA;181732;NA;NA;NA;NA;913347;NA;NA;NA;NA;NA;NA;NA;NA;NA;NA;NA;NA;NA;NA;NA;NA;NA;NA;NA;NA;NA;NA;NA;NA;NA;NA;NA;NA;NA;NA;0;NA;NA;NA;NA;NA;NA;NA;NA;NA;NA;NA;NA;NA;NA;12708;NA;NA;NA;NA;65886;NA;NA;NA;NA;NA;NA;NA;NA;NA;NA;NA;NA;NA;NA;NA;NA;NA;NA;NA;NA;NA;NA;NA;NA;NA;NA;NA;NA;NA;NA;0;NA;NA;NA;NA;NA;NA;NA;NA;NA;NA;NA;NA;NA;NA;NA;NA;NA;NA;NA;212484;NA;NA;NA;NA;NA;NA;NA;NA;NA;NA;NA;NA;NA;NA;NA;NA;NA;NA;NA;NA;NA;NA;NA;NA;NA;NA;NA;NA;NA;NA;0;NA;NA;NA;NA;NA;NA;NA;NA;NA;NA;NA;NA;NA;NA;35246;NA;NA;NA;NA;400811;NA;NA;NA;NA;NA;NA;NA;NA;NA;NA;NA;NA;NA;NA;NA;NA;NA;NA;NA;NA;NA;NA;NA;NA;NA;NA;NA;NA;NA;NA;NA;NA;NA;NA;NA;NA;NA;NA;NA;NA;NA;NA;NA;NA;NA;NA;NA;NA;NA;NA;NA;NA
"1977-12-31";NA;NA;NA;NA;NA;NA;NA;NA;NA;NA;NA;NA;NA;NA;NA;NA;NA;NA;NA;NA;NA;NA;NA;NA;NA;NA;NA;NA;NA;0;NA;NA;NA;NA;NA;NA;NA;NA;NA;NA;NA;NA;NA;NA;188229;NA;NA;NA;NA;1032297;NA;NA;NA;NA;NA;NA;NA;NA;NA;NA;NA;NA;NA;NA;NA;NA;NA;NA;NA;NA;NA;NA;NA;NA;NA;NA;NA;NA;NA;NA;0;NA;NA;NA;NA;NA;NA;NA;NA;NA;NA;NA;NA;NA;NA;13911;NA;NA;NA;NA;77221;NA;NA;NA;NA;NA;NA;NA;NA;NA;NA;NA;NA;NA;NA;NA;NA;NA;NA;NA;NA;NA;NA;NA;NA;NA;NA;NA;NA;NA;NA;0;NA;NA;NA;NA;NA;NA;NA;NA;NA;NA;NA;NA;NA;NA;NA;NA;NA;NA;NA;228890;NA;NA;NA;NA;NA;NA;NA;NA;NA;NA;NA;NA;NA;NA;NA;NA;NA;NA;NA;NA;NA;NA;NA;NA;NA;NA;NA;NA;NA;NA;0;NA;NA;NA;NA;NA;NA;NA;NA;NA;NA;NA;NA;NA;NA;38398;NA;NA;NA;NA;434140;NA;NA;NA;NA;NA;NA;NA;NA;NA;NA;NA;NA;NA;NA;NA;NA;NA;NA;NA;NA;NA;NA;NA;NA;NA;NA;NA;NA;NA;NA;NA;NA;NA;NA;NA;NA;NA;NA;NA;NA;NA;NA;NA;NA;NA;NA;NA;NA;NA;NA;NA;NA
"1978-12-31";NA;NA;NA;NA;NA;NA;NA;NA;NA;NA;NA;NA;NA;NA;NA;NA;NA;NA;NA;NA;NA;143080;NA;NA;NA;NA;NA;NA;NA;0;NA;NA;NA;NA;NA;NA;100917;NA;NA;NA;NA;NA;NA;NA;211132;NA;NA;NA;NA;1173439;NA;NA;NA;NA;NA;NA;NA;NA;NA;NA;NA;NA;NA;NA;NA;NA;NA;NA;NA;NA;NA;NA;11901;NA;NA;NA;NA;NA;NA;NA;0;NA;NA;NA;NA;NA;NA;7053;NA;NA;NA;NA;NA;NA;NA;15595;NA;NA;NA;NA;93835;NA;NA;NA;NA;NA;NA;NA;NA;NA;NA;NA;NA;NA;NA;NA;NA;NA;NA;NA;NA;NA;NA;44405;NA;NA;NA;NA;NA;NA;NA;0;NA;NA;NA;NA;NA;NA;31232;NA;NA;NA;NA;NA;NA;NA;NA;NA;NA;NA;NA;249407;NA;NA;NA;NA;NA;NA;NA;NA;NA;NA;NA;NA;NA;NA;NA;NA;NA;NA;NA;NA;NA;NA;62826;NA;NA;NA;NA;NA;NA;NA;0;NA;NA;NA;NA;NA;NA;35036;NA;NA;NA;NA;NA;NA;NA;42683;NA;NA;NA;NA;484398;NA;NA;NA;NA;NA;NA;NA;NA;NA;NA;NA;NA;NA;NA;NA;NA;NA;NA;NA;NA;NA;NA;NA;NA;NA;NA;NA;NA;NA;NA;NA;NA;NA;NA;NA;NA;NA;NA;NA;NA;NA;NA;NA;NA;NA;NA;NA;NA;NA;NA;NA;NA
"1979-12-31";NA;NA;NA;NA;NA;NA;NA;NA;NA;NA;NA;NA;NA;NA;NA;NA;NA;NA;NA;NA;NA;162442;NA;NA;NA;NA;NA;NA;NA;0;NA;NA;NA;NA;NA;NA;116028;NA;NA;NA;NA;NA;NA;NA;233816;NA;NA;NA;NA;1299661;NA;NA;NA;NA;NA;NA;NA;NA;NA;NA;NA;NA;NA;NA;NA;NA;NA;NA;NA;NA;NA;NA;13833;NA;NA;NA;NA;NA;NA;NA;0;NA;NA;NA;NA;NA;NA;7851;NA;NA;NA;NA;NA;NA;NA;17253;NA;NA;NA;NA;103122;NA;NA;NA;NA;NA;NA;NA;NA;NA;NA;NA;NA;NA;NA;NA;NA;NA;NA;NA;NA;NA;NA;50483;NA;NA;NA;NA;NA;NA;NA;0;NA;NA;NA;NA;NA;NA;33262;NA;NA;NA;NA;NA;NA;NA;NA;NA;NA;NA;NA;269397;NA;NA;NA;NA;NA;NA;NA;NA;NA;NA;NA;NA;NA;NA;NA;NA;NA;NA;NA;NA;NA;NA;70258;NA;NA;NA;NA;NA;NA;NA;0;NA;NA;NA;NA;NA;NA;36423;NA;NA;NA;NA;NA;NA;NA;47749;NA;NA;NA;NA;536204;NA;NA;NA;NA;NA;NA;NA;NA;NA;NA;NA;NA;NA;NA;NA;NA;NA;NA;NA;NA;NA;NA;NA;NA;NA;NA;NA;NA;NA;NA;NA;NA;NA;NA;NA;NA;NA;NA;NA;NA;NA;NA;NA;NA;NA;NA;NA;NA;NA;NA;NA;NA
"1980-12-31";NA;NA;NA;NA;NA;NA;NA;NA;NA;NA;NA;NA;NA;NA;NA;NA;NA;NA;NA;NA;NA;183077;NA;NA;NA;NA;NA;NA;NA;0;NA;NA;NA;NA;NA;NA;147093;NA;NA;NA;NA;NA;NA;NA;267105;NA;NA;NA;NA;1399022;NA;NA;NA;NA;NA;NA;NA;NA;NA;NA;NA;NA;NA;NA;NA;NA;NA;NA;NA;NA;NA;NA;16993;NA;NA;NA;NA;NA;NA;NA;0;NA;NA;NA;NA;NA;NA;9458;NA;NA;NA;NA;NA;NA;NA;18888;NA;NA;NA;NA;114627;NA;NA;NA;NA;NA;NA;NA;NA;NA;NA;NA;NA;NA;NA;NA;NA;NA;NA;NA;NA;NA;NA;58503;NA;NA;NA;NA;NA;NA;NA;0;NA;NA;NA;NA;NA;NA;37803;NA;NA;NA;NA;NA;NA;NA;NA;NA;NA;NA;NA;296000;NA;NA;NA;NA;NA;NA;NA;NA;NA;NA;NA;NA;NA;NA;NA;NA;NA;NA;NA;NA;NA;NA;77481;NA;NA;NA;NA;NA;NA;NA;0;NA;NA;NA;NA;NA;NA;39600;NA;NA;NA;NA;NA;NA;NA;53265;NA;NA;NA;NA;574792;NA;NA;NA;NA;NA;NA;NA;NA;NA;NA;NA;NA;NA;NA;NA;NA;NA;NA;NA;NA;NA;NA;NA;NA;NA;NA;NA;NA;NA;NA;NA;NA;NA;NA;NA;NA;NA;NA;NA;NA;NA;NA;NA;NA;NA;NA;NA;NA;NA;NA;NA;NA
"1981-12-31";NA;NA;NA;NA;NA;NA;NA;NA;NA;NA;NA;NA;NA;NA;NA;NA;NA;NA;NA;NA;NA;206164;NA;NA;NA;NA;NA;NA;NA;0;NA;NA;NA;NA;NA;NA;166506;NA;NA;NA;NA;NA;NA;NA;285354;NA;NA;NA;NA;1587795;NA;NA;NA;NA;NA;NA;NA;NA;NA;NA;NA;NA;NA;NA;NA;NA;NA;NA;NA;NA;NA;NA;20475;NA;NA;NA;NA;NA;NA;NA;0;NA;NA;NA;NA;NA;NA;12390;NA;NA;NA;NA;NA;NA;NA;22617;NA;NA;NA;NA;130267;NA;NA;NA;NA;NA;NA;51786;NA;NA;NA;NA;NA;NA;NA;NA;NA;NA;NA;NA;NA;NA;NA;67671;NA;NA;NA;NA;NA;NA;NA;0;NA;NA;NA;NA;NA;NA;44121;NA;NA;NA;NA;NA;NA;NA;NA;NA;NA;NA;NA;325137;NA;NA;NA;NA;NA;NA;NA;NA;NA;NA;NA;NA;NA;NA;NA;NA;NA;NA;NA;NA;NA;NA;83808;NA;NA;NA;NA;NA;NA;NA;0;NA;NA;NA;NA;NA;NA;43830;NA;NA;NA;NA;NA;NA;NA;57657;NA;NA;NA;NA;638523;NA;NA;NA;NA;NA;NA;NA;NA;NA;NA;NA;NA;NA;NA;NA;NA;NA;NA;NA;NA;NA;NA;NA;NA;NA;NA;NA;NA;NA;NA;NA;NA;NA;NA;NA;NA;NA;NA;NA;NA;NA;NA;NA;NA;NA;NA;NA;NA;NA;NA;NA;NA
"1982-12-31";NA;NA;NA;NA;NA;NA;NA;NA;NA;NA;NA;NA;NA;NA;NA;NA;NA;NA;NA;NA;NA;233600;NA;NA;NA;NA;NA;NA;NA;0;NA;NA;NA;NA;NA;NA;181755;NA;NA;NA;NA;NA;NA;NA;310454;NA;NA;NA;NA;1630863;NA;NA;NA;NA;NA;NA;NA;NA;NA;NA;NA;NA;NA;NA;NA;NA;NA;NA;NA;NA;NA;NA;23722;NA;NA;NA;NA;NA;NA;NA;0;NA;NA;NA;NA;NA;NA;14618;NA;NA;NA;NA;NA;NA;NA;23782;NA;NA;NA;NA;145063;NA;NA;NA;NA;NA;NA;58966;NA;NA;NA;NA;NA;NA;NA;NA;NA;NA;NA;NA;NA;NA;NA;79732;NA;NA;NA;NA;NA;NA;NA;0;NA;NA;NA;NA;NA;NA;49995;NA;NA;NA;NA;NA;NA;NA;NA;NA;NA;NA;NA;354084;NA;NA;NA;NA;NA;NA;NA;NA;NA;NA;NA;NA;NA;NA;NA;NA;NA;NA;NA;NA;NA;NA;95720;NA;NA;NA;NA;NA;NA;NA;0;NA;NA;NA;NA;NA;NA;47594;NA;NA;NA;NA;NA;NA;NA;64693;NA;NA;NA;NA;667977;NA;NA;NA;NA;NA;NA;NA;NA;NA;NA;NA;NA;NA;NA;NA;NA;NA;NA;NA;NA;NA;NA;NA;NA;NA;NA;NA;NA;NA;NA;NA;NA;NA;NA;NA;NA;NA;NA;NA;NA;NA;NA;NA;NA;NA;NA;NA;NA;NA;NA;NA;NA
"1983-12-31";NA;NA;NA;NA;NA;NA;NA;NA;NA;NA;NA;NA;NA;NA;NA;NA;NA;NA;NA;NA;NA;257343;NA;NA;NA;NA;NA;NA;NA;0;NA;NA;NA;NA;NA;NA;204029;NA;NA;NA;NA;NA;NA;NA;350078;NA;NA;NA;NA;1754201;NA;NA;NA;NA;NA;NA;NA;NA;NA;NA;NA;NA;NA;NA;NA;NA;NA;NA;NA;NA;NA;NA;28649;NA;NA;NA;NA;NA;NA;NA;0;NA;NA;NA;NA;NA;NA;15859;NA;NA;NA;NA;NA;NA;NA;28378;NA;NA;NA;NA;165296;NA;NA;NA;NA;NA;NA;63158;NA;NA;NA;NA;NA;NA;NA;NA;NA;NA;NA;NA;NA;NA;NA;88903;NA;NA;NA;NA;NA;NA;NA;0;NA;NA;NA;NA;NA;NA;55367;NA;NA;NA;NA;NA;NA;NA;NA;NA;NA;NA;NA;377383;NA;NA;NA;NA;NA;NA;NA;NA;NA;NA;NA;NA;NA;NA;NA;NA;NA;NA;NA;NA;NA;NA;105740;NA;NA;NA;NA;NA;NA;NA;0;NA;NA;NA;NA;NA;NA;50152;NA;NA;NA;NA;NA;NA;NA;67915;NA;NA;NA;NA;717582;NA;NA;NA;NA;NA;NA;NA;NA;NA;NA;NA;NA;NA;NA;NA;NA;NA;NA;NA;NA;NA;NA;NA;NA;NA;NA;NA;NA;NA;NA;NA;NA;NA;NA;NA;NA;NA;NA;NA;NA;NA;NA;NA;NA;NA;NA;NA;NA;NA;NA;NA;NA
"1984-12-31";NA;NA;NA;NA;NA;NA;NA;NA;NA;NA;NA;NA;NA;NA;NA;NA;NA;NA;NA;NA;NA;280310;NA;NA;NA;NA;NA;NA;NA;0;NA;NA;NA;NA;NA;NA;238093;NA;NA;NA;NA;NA;NA;NA;407032;NA;NA;NA;NA;1983156;NA;NA;NA;NA;NA;NA;NA;NA;NA;NA;NA;NA;NA;NA;NA;NA;NA;NA;NA;NA;NA;NA;32364;NA;NA;NA;NA;NA;NA;NA;0;NA;NA;NA;NA;NA;NA;14684;NA;NA;NA;NA;NA;NA;NA;28829;NA;NA;NA;NA;184562;NA;NA;NA;NA;NA;NA;66783;NA;NA;NA;NA;NA;NA;NA;NA;NA;NA;NA;NA;NA;NA;NA;97399;NA;NA;NA;NA;NA;NA;NA;0;NA;NA;NA;NA;NA;NA;60535;NA;NA;NA;NA;NA;NA;NA;NA;NA;NA;NA;NA;405830;NA;NA;NA;NA;NA;NA;NA;NA;NA;NA;NA;NA;NA;NA;NA;NA;NA;NA;NA;NA;NA;NA;112548;NA;NA;NA;NA;NA;NA;NA;0;NA;NA;NA;NA;NA;NA;56194;NA;NA;NA;NA;NA;NA;NA;72788;NA;NA;NA;NA;824091;NA;NA;NA;NA;NA;NA;NA;NA;NA;NA;NA;NA;NA;NA;NA;NA;NA;NA;NA;NA;NA;NA;NA;NA;NA;NA;NA;NA;NA;NA;NA;NA;NA;NA;NA;NA;NA;NA;NA;NA;NA;NA;NA;NA;NA;NA;NA;NA;NA;NA;NA;NA
"1985-12-31";NA;NA;NA;NA;NA;NA;NA;NA;NA;NA;NA;NA;NA;NA;NA;NA;NA;NA;NA;NA;NA;301142;NA;NA;NA;NA;NA;NA;NA;0;NA;NA;NA;NA;NA;NA;261969;NA;NA;NA;NA;NA;NA;NA;443278;NA;NA;NA;NA;2110505;NA;NA;NA;NA;NA;NA;NA;NA;NA;NA;NA;NA;NA;NA;NA;NA;NA;NA;NA;NA;NA;NA;35326;NA;NA;NA;NA;NA;NA;NA;0;NA;NA;NA;NA;NA;NA;16716;NA;NA;NA;NA;NA;NA;NA;29854;NA;NA;NA;NA;204441;NA;NA;NA;NA;NA;NA;70322;NA;NA;NA;NA;NA;NA;NA;NA;NA;NA;NA;NA;NA;NA;NA;103014;NA;NA;NA;NA;NA;NA;NA;0;NA;NA;NA;NA;NA;NA;66347;NA;NA;NA;NA;NA;NA;NA;NA;NA;NA;NA;NA;440576;NA;NA;NA;NA;NA;NA;NA;NA;NA;NA;NA;NA;NA;NA;NA;NA;NA;NA;NA;NA;NA;NA;120031;NA;NA;NA;NA;NA;NA;NA;0;NA;NA;NA;NA;NA;NA;59183;NA;NA;NA;NA;NA;NA;NA;76910;NA;NA;NA;NA;889057;NA;NA;NA;NA;NA;NA;NA;NA;NA;NA;NA;NA;NA;NA;NA;NA;NA;NA;NA;NA;NA;NA;NA;NA;NA;NA;NA;NA;NA;NA;NA;NA;NA;NA;NA;NA;NA;NA;NA;NA;NA;NA;NA;NA;NA;NA;NA;NA;NA;NA;NA;NA
"1986-12-31";NA;NA;NA;NA;NA;NA;NA;NA;NA;NA;NA;NA;NA;NA;NA;NA;NA;NA;NA;NA;NA;333163;NA;NA;NA;NA;NA;NA;NA;0;NA;NA;NA;NA;NA;NA;240688;NA;NA;NA;NA;NA;NA;NA;480340;NA;NA;NA;NA;2189478;NA;NA;NA;NA;NA;NA;NA;NA;NA;NA;NA;NA;NA;NA;NA;NA;NA;NA;NA;NA;NA;NA;37337;NA;NA;NA;NA;NA;NA;NA;0;NA;NA;NA;NA;NA;NA;22407;NA;NA;NA;NA;NA;NA;NA;42404;NA;NA;NA;NA;209869;NA;NA;NA;NA;NA;NA;74472;NA;NA;NA;NA;NA;NA;NA;NA;NA;NA;NA;NA;NA;NA;NA;109531;NA;NA;NA;NA;NA;NA;NA;0;NA;NA;NA;NA;NA;NA;73382;7180;NA;NA;NA;NA;NA;NA;NA;NA;NA;NA;NA;467529;NA;NA;NA;NA;NA;NA;NA;NA;NA;NA;NA;NA;NA;NA;NA;NA;NA;NA;NA;NA;NA;NA;124825;NA;NA;NA;NA;NA;NA;NA;0;NA;NA;NA;NA;NA;NA;63047;NA;NA;NA;NA;NA;NA;NA;81366;NA;NA;NA;NA;947406;NA;NA;NA;NA;NA;NA;NA;NA;NA;NA;NA;NA;NA;NA;NA;NA;NA;NA;NA;NA;NA;NA;NA;NA;NA;NA;NA;NA;NA;NA;NA;NA;NA;NA;NA;NA;NA;NA;NA;NA;NA;NA;NA;NA;NA;NA;NA;NA;NA;NA;NA;NA
"1987-12-31";NA;NA;NA;NA;NA;NA;NA;NA;NA;NA;NA;NA;NA;NA;NA;NA;NA;NA;NA;NA;NA;352941;NA;NA;NA;NA;NA;NA;NA;0;NA;NA;NA;NA;NA;NA;253957;NA;NA;NA;NA;NA;NA;NA;520527;NA;NA;NA;NA;2352100;NA;NA;NA;NA;NA;NA;NA;NA;NA;NA;NA;NA;NA;NA;NA;NA;NA;NA;NA;NA;NA;NA;38330;NA;NA;NA;NA;NA;NA;NA;0;NA;NA;NA;NA;NA;NA;31134;NA;NA;NA;NA;NA;NA;NA;47249;NA;NA;NA;NA;216631;NA;NA;NA;NA;NA;NA;79269;NA;NA;NA;NA;NA;NA;NA;NA;NA;NA;NA;NA;NA;NA;NA;112589;NA;NA;NA;NA;NA;NA;NA;0;NA;NA;NA;NA;NA;NA;83436;7804;NA;NA;NA;NA;NA;NA;NA;NA;NA;NA;NA;495233;NA;NA;NA;NA;NA;NA;NA;NA;NA;NA;NA;NA;NA;NA;NA;NA;NA;NA;NA;NA;NA;NA;130237;NA;NA;NA;NA;NA;NA;NA;0;NA;NA;NA;NA;NA;NA;66469;NA;NA;NA;NA;NA;NA;NA;86635;NA;NA;NA;NA;1017044;NA;NA;NA;NA;NA;NA;NA;NA;NA;NA;NA;NA;NA;NA;NA;NA;NA;NA;NA;NA;NA;NA;NA;NA;NA;NA;NA;NA;NA;NA;NA;NA;NA;NA;NA;NA;NA;NA;NA;NA;NA;NA;NA;NA;NA;NA;NA;NA;NA;NA;NA;NA
"1988-12-31";NA;NA;NA;NA;NA;NA;NA;NA;NA;NA;NA;NA;NA;NA;NA;NA;NA;NA;NA;NA;NA;388703;NA;NA;NA;NA;NA;NA;NA;0;NA;NA;NA;NA;NA;NA;263295;NA;NA;NA;NA;NA;NA;NA;572206;NA;NA;NA;NA;2565962;NA;NA;NA;NA;NA;NA;NA;NA;NA;NA;NA;NA;NA;NA;NA;NA;NA;NA;NA;NA;NA;NA;42074;NA;NA;NA;NA;NA;NA;NA;0;NA;NA;NA;NA;NA;NA;30333;NA;NA;NA;NA;NA;NA;NA;57411;NA;NA;NA;NA;226973;NA;NA;NA;NA;NA;NA;84482;NA;NA;NA;NA;NA;NA;NA;NA;NA;NA;NA;NA;NA;NA;NA;116893;NA;NA;NA;NA;NA;NA;NA;0;NA;NA;NA;NA;NA;NA;89255;8329;NA;NA;NA;NA;NA;NA;NA;NA;NA;NA;NA;532803;NA;NA;NA;NA;NA;NA;NA;NA;NA;NA;NA;NA;NA;NA;NA;NA;NA;NA;NA;NA;NA;NA;138479;NA;NA;NA;NA;NA;NA;NA;0;NA;NA;NA;NA;NA;NA;71739;NA;NA;NA;NA;NA;NA;NA;88933;NA;NA;NA;NA;1123201;NA;NA;NA;NA;NA;NA;NA;NA;NA;NA;NA;NA;NA;NA;NA;NA;NA;NA;NA;NA;NA;NA;NA;NA;NA;NA;NA;NA;NA;NA;NA;NA;NA;NA;NA;NA;NA;NA;NA;NA;NA;NA;NA;NA;NA;NA;NA;NA;NA;NA;NA;NA
"1989-12-31";NA;NA;NA;NA;NA;NA;NA;NA;NA;NA;NA;NA;NA;NA;NA;NA;NA;NA;NA;NA;NA;418448;NA;NA;NA;NA;NA;NA;NA;0;NA;NA;NA;NA;NA;NA;289309;NA;NA;NA;NA;NA;NA;NA;628729;NA;NA;NA;NA;2693290;NA;NA;NA;NA;NA;NA;NA;NA;NA;NA;NA;NA;NA;NA;NA;NA;NA;NA;NA;NA;NA;NA;49380;NA;NA;NA;NA;NA;NA;NA;0;NA;NA;NA;NA;NA;NA;31106;NA;NA;NA;NA;NA;NA;NA;65377;NA;NA;NA;NA;252945;NA;NA;NA;NA;NA;NA;91105;NA;NA;NA;NA;NA;NA;NA;NA;NA;NA;NA;NA;NA;NA;NA;122883;NA;NA;NA;NA;NA;NA;NA;0;NA;NA;NA;NA;NA;NA;94759;8663;NA;NA;NA;NA;NA;NA;NA;NA;NA;NA;NA;575942;NA;NA;NA;NA;NA;NA;NA;NA;NA;NA;NA;NA;NA;NA;NA;NA;NA;NA;NA;NA;NA;NA;151109;NA;NA;NA;NA;NA;NA;NA;0;NA;NA;NA;NA;NA;NA;78750;NA;NA;NA;NA;NA;NA;NA;95046;NA;NA;NA;NA;1213156;NA;NA;NA;NA;NA;NA;NA;NA;NA;NA;NA;NA;NA;NA;NA;NA;NA;NA;NA;NA;NA;NA;NA;NA;NA;NA;NA;NA;NA;NA;NA;NA;NA;NA;NA;NA;NA;NA;NA;NA;NA;NA;NA;NA;NA;NA;NA;NA;NA;NA;NA;NA
"1990-12-31";NA;NA;NA;NA;NA;NA;NA;NA;NA;NA;NA;NA;NA;NA;NA;NA;NA;NA;NA;NA;NA;446115;NA;NA;NA;NA;NA;NA;NA;0;NA;NA;NA;NA;NA;NA;309904;NA;NA;NA;NA;NA;NA;NA;668281;NA;NA;NA;NA;2812257;NA;NA;NA;NA;NA;NA;NA;NA;NA;NA;NA;NA;NA;NA;NA;NA;NA;NA;NA;NA;NA;NA;48875;NA;NA;NA;NA;NA;NA;NA;0;NA;NA;NA;NA;NA;NA;31403;NA;NA;NA;NA;NA;NA;NA;79104;NA;NA;NA;NA;254565;NA;NA;NA;NA;NA;NA;99762;NA;NA;NA;NA;NA;NA;NA;NA;NA;NA;NA;NA;NA;NA;NA;129798;NA;NA;NA;NA;NA;NA;NA;0;NA;NA;NA;NA;NA;NA;101061;8699;NA;NA;NA;NA;NA;NA;NA;NA;NA;NA;NA;623483;NA;NA;NA;NA;NA;NA;NA;NA;NA;NA;NA;NA;NA;NA;NA;NA;NA;NA;NA;NA;NA;NA;159580;NA;NA;NA;NA;NA;NA;NA;0;NA;NA;NA;NA;NA;NA;85650;NA;NA;NA;NA;NA;NA;NA;98403;NA;NA;NA;NA;1288761;NA;NA;NA;NA;NA;NA;NA;NA;NA;NA;NA;NA;NA;NA;NA;NA;NA;NA;NA;NA;NA;NA;NA;NA;NA;NA;NA;NA;NA;NA;NA;NA;NA;NA;NA;NA;NA;NA;NA;NA;NA;NA;NA;NA;NA;NA;NA;NA;NA;NA;NA;NA
"1991-12-31";NA;NA;NA;NA;NA;NA;NA;NA;NA;NA;NA;NA;NA;NA;NA;NA;NA;NA;NA;NA;NA;459503;NA;NA;NA;NA;NA;NA;NA;0;NA;NA;NA;NA;NA;NA;324432;NA;NA;NA;NA;NA;NA;NA;702487;NA;NA;NA;NA;2868136;NA;NA;NA;NA;NA;NA;NA;NA;NA;NA;NA;NA;NA;NA;NA;NA;NA;NA;NA;NA;NA;NA;49391;NA;NA;NA;NA;NA;NA;NA;0;NA;NA;NA;NA;NA;NA;31705;NA;NA;NA;NA;NA;NA;NA;68363;NA;NA;NA;NA;267388;NA;NA;NA;NA;NA;NA;107922;NA;NA;NA;NA;NA;NA;NA;NA;NA;NA;NA;NA;NA;NA;NA;136680;NA;NA;NA;NA;NA;NA;NA;0;NA;NA;NA;NA;NA;NA;111528;8688;NA;NA;NA;NA;NA;NA;NA;NA;NA;NA;NA;665946;NA;NA;NA;NA;NA;NA;NA;NA;NA;NA;NA;NA;NA;NA;NA;NA;NA;NA;NA;NA;NA;NA;162306;NA;NA;NA;NA;NA;NA;NA;0;NA;NA;NA;NA;NA;NA;90074;NA;NA;NA;NA;NA;NA;NA;112005;NA;NA;NA;NA;1331299;NA;NA;NA;NA;NA;NA;NA;NA;NA;NA;NA;NA;NA;NA;NA;NA;NA;NA;NA;NA;NA;NA;NA;NA;NA;NA;NA;NA;NA;NA;NA;NA;NA;NA;NA;NA;NA;NA;NA;NA;NA;NA;NA;NA;NA;NA;NA;NA;NA;NA;NA;NA
"1992-12-31";NA;NA;NA;NA;NA;NA;NA;NA;NA;NA;NA;NA;NA;NA;NA;NA;NA;NA;NA;NA;NA;475703;NA;NA;NA;NA;NA;NA;NA;0;NA;NA;NA;NA;NA;NA;325863;NA;NA;NA;NA;NA;NA;NA;713953;NA;NA;NA;NA;3006453;NA;NA;NA;NA;NA;NA;NA;NA;NA;NA;NA;NA;NA;NA;NA;NA;NA;NA;NA;NA;NA;NA;49942;NA;NA;NA;NA;NA;NA;NA;0;NA;NA;NA;NA;NA;NA;33319;NA;NA;NA;NA;NA;NA;NA;49594;NA;NA;NA;NA;307772;NA;NA;NA;NA;NA;NA;113539;NA;NA;NA;NA;NA;NA;NA;NA;NA;NA;NA;NA;NA;NA;NA;145136;NA;NA;NA;NA;NA;NA;NA;0;NA;NA;NA;NA;NA;NA;118309;8483;NA;NA;NA;NA;NA;NA;NA;NA;NA;NA;NA;705932;NA;NA;NA;NA;NA;NA;NA;NA;NA;NA;NA;NA;NA;NA;NA;NA;NA;NA;NA;NA;NA;NA;171449;NA;NA;NA;NA;NA;NA;NA;0;NA;NA;NA;NA;NA;NA;92977;NA;NA;NA;NA;NA;NA;NA;124849;NA;NA;NA;NA;1423990;NA;NA;NA;NA;NA;NA;NA;NA;NA;NA;NA;NA;NA;NA;NA;NA;NA;NA;NA;NA;NA;NA;NA;NA;NA;NA;NA;NA;NA;NA;NA;NA;NA;NA;NA;NA;NA;NA;NA;NA;NA;NA;NA;NA;NA;NA;NA;NA;NA;NA;NA;NA
"1993-12-31";NA;NA;NA;NA;NA;NA;NA;NA;NA;NA;NA;NA;NA;NA;NA;NA;NA;NA;NA;NA;NA;469142;NA;NA;NA;NA;NA;NA;NA;0;NA;NA;NA;NA;NA;NA;342573;NA;NA;NA;NA;NA;NA;NA;682746;NA;NA;NA;NA;3144732;NA;NA;NA;NA;NA;NA;NA;NA;NA;NA;NA;NA;NA;NA;NA;NA;NA;NA;NA;NA;NA;NA;54744;NA;NA;NA;NA;NA;NA;NA;0;NA;NA;NA;NA;NA;NA;34520;NA;NA;NA;NA;NA;NA;NA;75582;NA;NA;NA;NA;322583;NA;NA;NA;NA;NA;NA;115422;NA;NA;NA;NA;NA;NA;NA;NA;NA;NA;NA;NA;NA;NA;NA;151883;NA;NA;NA;NA;NA;NA;NA;0;NA;NA;NA;NA;NA;NA;122588;8681;NA;NA;NA;NA;NA;NA;288018;NA;NA;NA;NA;730243;NA;NA;NA;NA;NA;NA;NA;NA;NA;NA;NA;NA;NA;NA;NA;NA;NA;NA;NA;NA;NA;NA;172991;NA;NA;NA;NA;NA;NA;NA;0;NA;NA;NA;NA;NA;NA;96574;NA;NA;NA;NA;NA;NA;NA;126355;NA;NA;NA;NA;1501553;NA;NA;NA;NA;NA;NA;NA;NA;NA;NA;NA;NA;NA;NA;NA;NA;NA;NA;NA;NA;NA;NA;NA;NA;NA;NA;NA;NA;NA;NA;NA;NA;NA;NA;NA;NA;NA;NA;NA;NA;NA;NA;NA;NA;NA;NA;NA;NA;NA;NA;NA;NA
"1994-12-31";NA;NA;NA;NA;NA;NA;NA;NA;NA;NA;NA;NA;NA;NA;NA;NA;NA;NA;NA;NA;NA;480822;NA;NA;NA;NA;NA;NA;NA;0;NA;NA;NA;NA;NA;NA;362136;NA;NA;NA;NA;NA;NA;NA;770289;NA;NA;NA;NA;3403100;NA;NA;NA;NA;NA;NA;NA;NA;NA;NA;NA;NA;NA;NA;NA;NA;NA;NA;NA;NA;NA;NA;52630;NA;NA;NA;NA;NA;NA;NA;0;NA;NA;NA;NA;NA;NA;34690;NA;NA;NA;NA;NA;NA;NA;72906;NA;NA;NA;NA;328271;NA;NA;NA;NA;NA;NA;115422;NA;NA;NA;NA;NA;NA;NA;NA;NA;NA;NA;NA;NA;NA;NA;157884;NA;NA;NA;NA;NA;NA;30322200;0;NA;NA;NA;NA;NA;NA;127648;8727;NA;NA;NA;NA;NA;NA;289345;NA;NA;NA;NA;755652;NA;NA;NA;NA;NA;NA;NA;NA;NA;NA;NA;NA;NA;NA;NA;NA;NA;NA;NA;NA;NA;NA;180588;NA;NA;NA;NA;NA;NA;NA;0;NA;NA;NA;NA;NA;NA;98281;NA;NA;NA;NA;NA;NA;NA;135311;NA;NA;NA;NA;1604655;NA;NA;NA;NA;NA;NA;NA;NA;NA;NA;NA;NA;NA;NA;NA;NA;NA;NA;NA;NA;NA;NA;NA;NA;NA;NA;NA;NA;NA;NA;NA;NA;NA;NA;NA;NA;NA;NA;NA;NA;NA;NA;NA;NA;NA;NA;NA;NA;NA;NA;NA;NA
"1995-12-31";72878;NA;93283;640;NA;NA;187284;NA;NA;NA;NA;3420;606663;822864;388432;NA;1438;23515;199854;NA;41739;503555;NA;1756453;25617;NA;NA;379505;NA;0;2966;5707;877;NA;NA;157512;396108;NA;NA;106884;34050;2823;NA;NA;882960;3815;4816;NA;373235;3592151;NA;8097;NA;9866;36;NA;NA;29522;NA;NA;NA;NA;348;37364;67620;44839;NA;45;3303;15828;NA;3324;46423;NA;204134;3652;NA;NA;36457;NA;0;121;3233;100;NA;NA;19815;33406;NA;NA;6507;4213;147;NA;NA;64989;441;1068;NA;41444;363153;31183;22045;NA;24370;87;NA;115768;NA;NA;NA;NA;NA;917;134272;164914;167656;NA;329;9480;50389;NA;14704;165790;NA;676932;5852;NA;NA;103785;31163800;0;751;1428;415;NA;NA;31542;133899;8989;NA;39489;11056;507;NA;NA;303269;1185;1897;NA;80637;779714;77581;27805;NA;29419;330;NA;NA;63008;NA;NA;NA;NA;1293;327702;351834;125664;NA;223;35623;102800;NA;8782;186583;NA;1191361;7919;NA;NA;228670;NA;0;1464;1955;611;NA;NA;37963;103946;NA;NA;101194;15496;1830;NA;NA;150529;1760;3471;NA;153688;1689343;NA;NA;NA;NA;NA;NA;NA;NA;NA;NA;NA;NA;NA;NA;NA;NA;NA;NA;NA;NA;NA;NA;NA;NA;NA;NA;NA;NA;NA;NA;NA;NA;NA;NA;NA;NA;NA;NA;NA;NA;NA;NA;NA;NA;NA;NA;NA;NA;NA;NA;NA;NA
"1996-12-31";75305;NA;93515;1079;NA;NA;185514;NA;NA;NA;NA;3448;723156;832349;408852;NA;1872;26034;211310;NA;43011;507907;NA;2156180;28344;NA;NA;403093;NA;0;3942;5859;1086;NA;NA;165553;459872;NA;NA;133155;36013;4114;NA;NA;889807;4257;6445;NA;403968;3815459;NA;7890;NA;9655;134;NA;NA;33970;NA;NA;NA;NA;391;39608;70692;42276;NA;66;3891;16962;NA;3132;47819;NA;262387;3454;NA;NA;38830;NA;0;155;3774;102;NA;NA;20410;31049;NA;NA;9370;4098;424;NA;NA;73764;520;708;NA;47365;401680;35222;22529;NA;24871;133;NA;114009;NA;NA;NA;NA;NA;1015;152534;167638;175571;NA;413;9923;53148;NA;15572;172862;NA;759980;6147;NA;NA;113223;31882900;0;1020;1502;486;NA;NA;31765;143337;9431;NA;48896;11796;733;NA;NA;320508;1370;2126;NA;83345;801749;91465;28426;NA;29824;497;NA;NA;63827;NA;NA;NA;NA;1357;358312;353860;133020;NA;380;39349;109030;NA;9166;195050;NA;1487774;8567;NA;NA;241045;NA;0;1877;1959;783;NA;NA;39180;104105;NA;NA;124997;16591;2599;NA;NA;154883;2055;4184;NA;163109;1820847;NA;NA;NA;NA;NA;NA;NA;NA;NA;NA;NA;NA;NA;NA;NA;NA;NA;NA;NA;NA;NA;NA;NA;NA;NA;NA;NA;NA;NA;NA;NA;NA;NA;NA;NA;NA;NA;NA;NA;NA;NA;NA;NA;NA;NA;NA;NA;NA;NA;NA;NA;NA
"1997-12-31";79098;NA;98667;7643;NA;NA;186432;NA;NA;NA;NA;3582;769529;856360;440519;NA;2364;28777;223362;NA;47755;533310;NA;3026542;34050;NA;NA;417673;NA;0;4856;6382;1867;NA;NA;178987;510897;NA;NA;165392;39722;9337;NA;NA;931609;4992;7612;NA;441116;4091740;NA;8094;NA;9437;514;NA;NA;41011;NA;NA;NA;NA;451;40486;73109;42336;NA;91;4247;18404;NA;3148;46395;NA;262903;3699;NA;NA;36341;NA;0;122;3549;120;NA;NA;21460;33169;NA;NA;15699;4807;554;NA;NA;87898;474;788;NA;46650;458358;42703;22340;NA;25704;1228;NA;113789;NA;NA;NA;NA;NA;1106;159380;168768;181756;NA;477;11871;54911;NA;15999;177074;NA;922531;6718;NA;NA;120295;32484500;0;1304;1605;542;NA;NA;33054;151946;9431;NA;59415;12864;1377;NA;NA;328201;1574;2301;NA;84333;829472;100690;28301;NA;30777;6654;NA;NA;62721;NA;NA;NA;NA;1421;384003;355574;130705;NA;446;43106;115479;NA;10059;199222;NA;1725941;9507;NA;NA;251778;NA;0;2147;2041;415;NA;NA;42758;107787;NA;NA;145477;17330;6479;NA;NA;155243;2465;4510;NA;163975;1947073;NA;NA;NA;NA;NA;NA;NA;NA;NA;NA;NA;NA;NA;NA;NA;NA;NA;NA;NA;NA;NA;NA;NA;NA;NA;NA;NA;NA;NA;NA;NA;NA;NA;NA;NA;NA;NA;NA;NA;NA;NA;NA;NA;NA;NA;NA;NA;NA;NA;NA;NA;NA
"1998-12-31";83430;NA;103091;11696;NA;NA;190607;NA;NA;NA;NA;3964;838865;899214;448230;NA;2749;31708;238248;NA;54221;566582;NA;3742135;40712;NA;NA;433874;NA;0;5287;7004;2119;NA;NA;193673;494899;62189;NA;196518;42896;14845;NA;NA;995057;5526;8973;NA;465974;4321358;NA;8076;NA;9148;821;NA;NA;45007;NA;NA;NA;NA;512;60130;70699;44519;NA;104;4998;19546;NA;3393;46697;NA;303700;4506;NA;NA;41997;NA;0;194;3201;185;NA;NA;22189;34729;3333;NA;16221;5246;975;NA;NA;80208;485;671;NA;47125;519215;44682;23066;NA;26463;2271;NA;115683;NA;NA;NA;NA;NA;1183;170195;169868;191058;NA;531;12805;57736;NA;16594;182322;NA;1098719;7111;NA;NA;122592;32926800;0;1653;1661;618;NA;NA;34715;165715;9759;NA;66377;14390;2166;NA;NA;336686;1709;2564;NA;86107;863514;109174;28940;NA;31609;6099;NA;NA;63258;NA;NA;NA;NA;1524;414389;352948;130554;NA;491;46792;123209;NA;10325;207679;NA;1898154;11252;NA;NA;257350;NA;0;2370;2119;371;NA;NA;45216;111567;8420;NA;173037;18469;7347;NA;NA;158795;2725;4665;NA;169883;2104232;NA;NA;NA;NA;NA;NA;NA;NA;NA;NA;NA;NA;NA;NA;NA;NA;NA;NA;NA;NA;NA;NA;NA;NA;NA;NA;NA;NA;NA;NA;NA;NA;NA;NA;NA;NA;NA;NA;NA;NA;NA;NA;NA;NA;NA;NA;NA;NA;NA;NA;NA;NA
"1999-12-31";86790;NA;105795;9418;NA;NA;189690;NA;NA;NA;NA;4209;838936;905897;491610;2802887;2847;33737;255224;3829367;57632;585113;NA;4074148;47017;NA;NA;444313;NA;0;5126;7766;2485;NA;NA;204234;563509;66790;NA;214923;45951;19679;NA;NA;1046584;6278;9754;NA;483068;4575823;NA;7589;NA;10423;350;NA;NA;45361;NA;NA;NA;NA;659;56090;86067;42344;267793;160;4808;19271;359564;3305;50457;NA;274145;5452;NA;NA;44122;NA;0;188;4522;165;NA;NA;23876;32225;3863;NA;18932;5675;1536;NA;NA;86594;589;674;NA;44247;541783;56196;24142;NA;27610;2528;NA;120464;NA;NA;NA;NA;NA;1274;182960;172470;200111;NA;636;13765;61110;NA;16884;188890;NA;1243400;7796;NA;NA;125792;32999800;0;1702;1741;686;NA;NA;36585;177123;10005;NA;74587;15705;4482;NA;NA;350949;1933;2742;NA;90028;912572;116041;29766;NA;32235;6821;NA;NA;63813;NA;NA;NA;NA;1618;451548;350520;119305;1180251;516;48961;131574;1566826;11226;214770;NA;2131583;11580;NA;NA;265763;NA;0;2228;2221;258;NA;NA;47640;113090;8557;NA;188381;19316;11935;NA;NA;159905;2926;5020;NA;179657;2234704;NA;NA;NA;NA;NA;NA;NA;NA;NA;NA;NA;NA;NA;NA;NA;NA;NA;NA;NA;NA;NA;NA;NA;NA;NA;NA;NA;NA;NA;NA;NA;NA;NA;NA;NA;NA;NA;NA;NA;NA;NA;NA;NA;NA;NA;NA;NA;NA;NA;NA;NA;NA
"2000-12-31";91893;NA;112786;10109;NA;NA;195187;NA;NA;NA;NA;4585;914207;942140;547489;2959839;3290;35384;277414;4136831;63015;618551;NA;4751375;54280;242181;329262;469345;NA;260698000;5770;8358;2892;NA;NA;221262;763699;70718;NA;235748;48959;30592;NA;NA;1131784;6888;10007;NA;510866;4863222;NA;8968;NA;11339;515;NA;NA;52421;NA;NA;NA;NA;621;45858;71790;48559;275302;187;5472;21631;375667;3668;58955;NA;310361;6716;25975;26132;49237;NA;0;213;5038;161;NA;NA;25028;35658;4324;NA;26640;5890;2582;NA;NA;81024;651;322;NA;44572;600813;61497;24563;NA;28629;2826;NA;129082;NA;NA;NA;18206000;NA;1384;187043;173435;206425;NA;669;14907;65091;NA;17634;194813;NA;1418025;8834;68290;98233;131900;32971200;40047000;1614;1998;732;NA;NA;38686;186993;10338;NA;83069;17625;6381;NA;NA;358048;2197;2856;NA;95447;966797;123950;30501;NA;33258;7493;NA;NA;66199;NA;NA;NA;NA;1735;477045;358251;125603;1236656;607;49981;142931;1673507;11959;227911;NA;2334167;14113;73747;67102;279134;NA;0;2307;2468;374;NA;NA;51726;115837;8680;NA;213164;20649;17210;NA;NA;179690;3018;5638;NA;187488;2406775;NA;NA;NA;NA;NA;NA;NA;NA;NA;NA;NA;NA;NA;NA;NA;NA;NA;NA;NA;NA;NA;NA;NA;NA;NA;NA;NA;NA;NA;NA;NA;NA;NA;NA;NA;NA;NA;NA;NA;NA;NA;NA;NA;NA;NA;NA;NA;NA;NA;NA;NA;NA
"2001-12-31";95812;NA;117144;12743;NA;NA;206314;NA;NA;NA;NA;5023;999258;985651;556451;3141735;3843;38126;299602;4333594;67686;646072;NA;5747330;60844;238599;384297;497127;NA;277158000;6516;9029;3342;NA;NA;238776;782929;76806;NA;237081;50661;43239;NA;NA;1160599;8002;11273;NA;526881;4771343;NA;8398;NA;10844;716;NA;NA;45337;NA;NA;NA;NA;686;55440;74210;49839;286137;211;4960;25880;386153;3933;55995;NA;351108;7602;24902;32523;53257;NA;0;213;4535;206;NA;NA;27260;36475;4888;NA;23476;6957;3184;NA;NA;81384;637;319;NA;45400;628885;70365;25252;NA;29902;2657;NA;134564;NA;NA;NA;19028000;NA;1462;207613;176316;216757;NA;714;15917;69110;NA;18446;201784;NA;1683405;10380;73484;109626;141232;33137900;44401000;1656;2156;762;NA;NA;41369;203148;10872;NA;92637;18769;9787;NA;NA;376572;2561;3139;NA;104038;1030882;131505;31167;NA;34113;7023;NA;NA;66893;NA;NA;NA;NA;1793;506850;358692;129289;1283939;618;54157;156016;1739999;12585;241674;NA;2721199;15566;79094;71150;291152;NA;0;2222;2561;439;NA;NA;48333;119789;8877;NA;228340;21873;26784;NA;NA;185437;3271;6672;NA;195399;2664339;NA;NA;NA;NA;NA;NA;NA;NA;NA;NA;NA;NA;NA;NA;NA;NA;NA;NA;NA;NA;NA;NA;NA;NA;NA;NA;NA;NA;NA;NA;NA;NA;NA;NA;NA;NA;NA;NA;NA;NA;NA;NA;NA;NA;NA;NA;NA;NA;NA;NA;NA;NA
"2002-12-31";98231;NA;120784;13979;NA;NA;205514;NA;NA;NA;NA;5181;1058952;992081;564058;3227384;4250;40629;317855;4446908;68539;664294;72278;6752919;68715;235891;399896;510022;NA;304791000;7256;9432;3793;NA;NA;246864;752685;80815;NA;244313;52475;57474;NA;NA;1193881;8802;11919;NA;548899;4827624;NA;8584;NA;11672;893;NA;NA;42508;NA;NA;NA;NA;659;42804;80776;51877;297207;253;5507;27535;401127;3411;57444;8357;436226;8306;26154;34956;50870;NA;0;256;4692;222;NA;NA;28614;37430;4853;NA;22442;7115;2478;NA;NA;75859;696;957;NA;49170;642747;81902;25673;NA;32103;3155;NA;143014;NA;NA;NA;20658000;NA;1548;234850;179675;226648;795990;802;17787;73126;1101243;19506;211077;25287;2085377;11948;77467;122912;147219;33378500;48784000;1722;2316;861;NA;NA;44253;214609;11605;NA;96631;20058;12940;NA;NA;397485;2821;3488;NA;111264;1101592;145113;32004;NA;33543;7556;NA;NA;67997;NA;NA;NA;NA;1876;527838;358903;129102;1325534;659;57704;169007;1791368;13353;248211;36393;2904619;15704;85176;77354;305263;NA;0;2222;2756;577;NA;NA;49129;126873;9413;NA;235773;22866;30601;NA;NA;195433;3836;7330;NA;201467;2779144;NA;NA;NA;NA;NA;NA;NA;NA;NA;NA;NA;NA;NA;NA;NA;NA;NA;NA;NA;NA;NA;NA;NA;NA;NA;NA;NA;NA;NA;NA;NA;NA;NA;NA;NA;NA;NA;NA;NA;NA;NA;NA;NA;NA;NA;NA;NA;NA;NA;NA;NA;NA
"2003-12-31";100775;NA;124728;13464;NA;NA;202768;NA;NA;NA;NA;5333;1085228;990105;570094;3292492;4843;45063;335001;4484064;68729;684109;81642;7292927;70328;241112;391268;519145;NA;327220000;8412;9980;4318;NA;2819387;249230;779656;85847;NA;260656;52956;77505;NA;NA;1241947;9913;13199;NA;576898;4998070;NA;8469;NA;10764;1242;NA;NA;47915;NA;NA;NA;NA;679;62323;91258;54618;315464;257;6288;28271;427292;3185;54964;10137;512699;10875;29641;40914;56439;NA;0;240;4820;243;NA;182764;29724;51486;6129;NA;23355;7566;2242;NA;NA;81705;787;1010;NA;58090;675217;91359;26232;NA;33412;3660;NA;152133;NA;NA;NA;22053000;NA;1849;258777;182396;233960;829761;893;19002;78880;1139552;20392;218902;26654;2488519;13310;75645;131653;155104;32620100;53403000;1794;2470;976;NA;684133;46637;225982;12520;NA;99994;20817;16138;NA;NA;424374;3103;3796;NA;122249;1170492;160450;32540;NA;33807;8064;NA;NA;67610;NA;NA;NA;NA;2007;552428;353085;127150;1362594;683;64280;181826;1800267;13967;252690;38073;2999895;16595;80611;81518;318653;NA;0;2302;2738;709;NA;2641218;50265;129368;10040;NA;239250;23256;34978;NA;NA;199704;3860;8593;NA;206239;2909052;NA;NA;NA;NA;NA;NA;NA;NA;NA;NA;NA;NA;NA;NA;NA;NA;NA;NA;NA;NA;NA;NA;NA;NA;NA;NA;NA;NA;NA;NA;NA;NA;NA;NA;NA;NA;NA;NA;NA;NA;NA;NA;NA;NA;NA;NA;NA;NA;NA;NA;NA;NA
"2004-12-31";105243;NA;132633;14641;NA;NA;213414;NA;NA;NA;NA;5642;1215881;1024631;601343;3424307;5308;49171;353550;4695083;72349;713282;90248;8328043;73320;255479;429464;537090;NA;365610000;9538;10477;5094;NA;3333596;258393;896613;91417;NA;312702;54607;98917;NA;NA;1317639;10799;15780;NA;598178;5365939;NA;8845;NA;12456;1461;NA;NA;48027;NA;NA;NA;NA;773;66625;101307;56529;340187;298;7956;30317;474181;3414;60094;10742;580154;12262;30176;53740;56243;NA;0;265;5336;304;NA;212063;30275;62842;6646;NA;26584;8132;3863;NA;NA;96042;807;1095;NA;69583;702262;105778;27082;NA;34377;4028;NA;157906;NA;NA;NA;24903000;NA;1945;270482;182050;241828;855828;990;21909;84625;1191032;21239;224909;28535;2601170;14436;75937;140373;160658;32123900;58807000;1978;2638;1117;NA;720666;47315;234842;13575;NA;103931;21655;20132;NA;NA;438949;3325;3751;NA;133626;1230231;175891;34238;NA;33909;9101;NA;NA;68333;NA;NA;NA;NA;2188;577112;354994;131484;1412411;727;68270;193081;1869638;14595;263004;39998;3178776;17384;84972;87844;333116;NA;0;2380;2826;857;NA;2886578;50970;127534;10714;NA;253557;24500;50204;NA;NA;198367;4123;9796;NA;210002;3115546;NA;NA;NA;NA;NA;NA;NA;NA;NA;NA;NA;NA;NA;NA;NA;NA;NA;NA;NA;NA;NA;NA;NA;NA;NA;NA;NA;NA;NA;NA;NA;NA;NA;NA;NA;NA;NA;NA;NA;NA;NA;NA;NA;NA;NA;NA;NA;NA;NA;NA;NA;NA
"2005-12-31";110234;NA;138242;16013;NA;NA;224540;NA;NA;NA;NA;5887;1342470;1038162;638769;3538021;6259;51076;377345;4909814;74163;739342;102012;9012489;78111;269337;452652;551061;NA;385763000;11264;10905;6334;2171;3601418;271097;1056563;95797;NA;330730;55781;119217;NA;NA;1358126;11351;17690;NA;629459;5740049;NA;9281;NA;12518;2230;NA;NA;51818;NA;NA;NA;NA;879;68276;100859;63189;352852;363;8115;32297;513579;3774;60376;13266;700722;14026;34209;67223;60605;NA;0;364;6386;446;323;277297;31606;65454;6741;NA;29779;8312;4040;NA;NA;100927;866;1281;NA;85346;782591;121155;28911;NA;36093;4327;NA;165394;NA;NA;NA;27493000;NA;2069;290246;182310;247268;887714;1111;22716;90863;1246267;22179;232578;30298;2771871;16503;76983;155843;167578;31715700;64521000;2158;2805;1299;676;778162;48171;245569;14722;NA;110179;22959;25275;NA;NA;449602;3503;4089;NA;143934;1287588;198056;34866;NA;35614;10403;NA;NA;68866;NA;NA;NA;NA;2381;582003;355193;130428;1438693;792;68350;207224;1914351;14801;267965;43376;3390963;17766;90093;85193;333024;NA;0;2631;2791;996;612;3131732;51929;131549;11228;NA;265065;24982;54118;NA;NA;202089;4336;10892;NA;213450;3310495;NA;NA;NA;NA;NA;NA;NA;NA;NA;NA;NA;NA;NA;NA;NA;NA;NA;NA;NA;NA;NA;NA;NA;NA;NA;NA;NA;NA;NA;NA;NA;NA;NA;NA;NA;NA;NA;NA;NA;NA;NA;NA;NA;NA;NA;NA;NA;NA;NA;NA;NA;NA
"2006-12-31";118757;NA;143839;18530;NA;NA;243243;NA;NA;NA;NA;6285;1497922;1103739;693953;3733542;7509;53951;408782;5198365;78303;769818;114820;10050563;83534;297616;505935;566806;NA;403025000;12950;11946;7672;2264;4169117;290015;1216894;99714;NA;365306;58486;147721;NA;NA;1483971;12523;21283;NA;667731;6114370;NA;10144;NA;13048;2263;NA;NA;58242;NA;NA;NA;NA;1046;71869;100602;67531;369016;496;8678;36252;542367;4116;63528;12945;870465;15140;36343;96823;62996;NA;0;565;8511;682;368;300542;30532;62336;6738;NA;30872;9903;4213;NA;NA;90263;1058;1210;NA;93108;868746;139763;30089;NA;37652;4571;NA;175611;NA;NA;NA;29857000;NA;2197;308423;182533;257805;918047;1249;23998;98175;1298891;22882;238286;32078;2892063;18175;80101;172536;175549;31686800;68559000;2513;2948;1602;687;848389;49298;260840;15952;NA;116127;22835;31958;NA;NA;468395;3659;4523;NA;151870;1343517;217359;35842;NA;37297;11979;NA;NA;69519;NA;NA;NA;NA;2571;609002;367085;129988;1500760;900;75262;218572;1998940;15027;278448;45796;3414293;18787;96253;77898;340577;NA;0;2796;2984;1272;611;3394402;58260;138229;11720;NA;282108;25707;63747;NA;NA;214240;4559;12360;NA;219622;3571761;NA;NA;NA;NA;NA;NA;NA;NA;NA;NA;NA;NA;NA;NA;NA;NA;NA;NA;NA;NA;NA;NA;NA;NA;NA;NA;NA;NA;NA;NA;NA;NA;NA;NA;NA;NA;NA;NA;NA;NA;NA;NA;NA;NA;NA;NA;NA;NA;NA;NA;NA;NA
"2007-12-31";127425;NA;154152;21684;NA;NA;260410;NA;NA;NA;NA;6635;1664424;1173902;712939;4000553;8963;59458;454729;5552209;86578;814582;126680;10705373;88381;321440;543059;591551;NA;439256000;15888;13725;10273;2539;4482128;309927;1251699;110025;0;411407;64054;193243;NA;NA;1583391;14537;25049;NA;697735;6270326;NA;11313;NA;12821;3729;NA;NA;67257;NA;NA;NA;NA;1218;95402;93900;74240;384990;635;8794;42407;589409;4744;66517;15054;872669;16803;39848;149327;71349;NA;0;851;9231;922;368;351019;29747;73951;6905;NA;40896;10866;6197;NA;NA;93984;1138;1166;NA;110039;816036;182565;31011;NA;39226;5366;NA;186513;NA;NA;NA;33251000;NA;2389;325274;182653;265558;947439;1534;25791;107538;1347052;23819;246356;36440;2922091;19978;82867;187144;176116;31713400;73456000;2845;3126;2246;716;922286;51107;283447;17313;21356;126151;22926;40498;NA;NA;490285;3803;4752;NA;156475;1410859;243271;37584;NA;38716;14445;NA;NA;71162;NA;NA;NA;NA;2908;627232;374103;124813;1557352;1030;77662;218970;2080503;16537;293191;48497;3463481;22363;102951;103357;353541;NA;0;3106;3051;1766;616;3659211;64497;145848;12371;0;306831;26522;74775;NA;NA;235219;4963;14053;NA;223994;3684165;NA;NA;NA;NA;NA;NA;NA;NA;NA;NA;NA;NA;NA;NA;NA;NA;NA;NA;NA;NA;NA;NA;NA;NA;NA;NA;NA;NA;NA;NA;NA;NA;NA;NA;NA;NA;NA;NA;NA;NA;NA;NA;NA;NA;NA;NA;NA;NA;NA;NA;NA;NA
"2008-12-31";131105;NA;157066;24765;NA;NA;279429;NA;NA;NA;NA;7161;1740462;1182496;731040;4095762;8839;63176;500413;5584413;89283;832726;135491;11306646;80076;340367;717917;598534;NA;450859000;17686;14490;10750;2744;4905285;326203;1451962;107737;0;456869;64390;255342;NA;NA;1621370;15636;26576;NA;722334;6276722;942353;11410;NA;10999;3920;NA;NA;59772;NA;NA;NA;NA;1259;115271;87482;83560;375851;763;8918;46251;551113;4460;63986;17326;876993;15961;42695;120789;69649;NA;0;929;8864;1097;334;383217;29447;74304;7850;NA;41959;11699;10201;NA;NA;94786;1282;1087;NA;101523;655994;193119;32615;NA;41437;6414;NA;198449;NA;NA;NA;37658000;NA;2608;340849;187980;279531;992292;1839;28018;118265;1379706;25351;252961;39128;3088844;21558;87311;141744;182354;31358900;78659000;3482;3246;2777;846;1017717;54162;310015;18732;22853;141188;23459;54220;NA;NA;507852;4233;5225;NA;160506;1479967;284049;38480;NA;38506;17138;NA;NA;74873;NA;NA;NA;NA;3213;641174;390663;124061;1578501;964;77343;203762;2083327;17017;301147;53450;3620114;23864;111514;141600;357939;NA;0;3309;3133;1964;640;3897470;65963;145077;12633;0;328097;27087;85942;NA;NA;223048;5265;16421;NA;233125;3758469;403135;NA;NA;NA;NA;NA;NA;NA;NA;NA;NA;NA;NA;NA;NA;NA;NA;NA;NA;NA;NA;NA;NA;NA;NA;NA;NA;NA;NA;NA;NA;NA;NA;NA;NA;NA;NA;NA;NA;NA;NA;NA;NA;NA;NA;NA;NA;NA;NA;NA;NA;NA
"2009-12-31";124080;NA;147927;27963;NA;NA;268194;NA;NA;NA;NA;6794;1568295;1086237;653481;3836623;6792;56336;481316;5113226;75642;789902;121894;10435267;73198;359756;657972;555880;NA;468194000;13795;13427;8303;2639;3889886;305996;1228346;108838;0;507024;64606;252649;NA;NA;1510932;13835;22915;NA;686061;5848839;978926;10329;NA;14095;3944;NA;NA;55950;NA;NA;NA;NA;1374;124632;103574;84615;398518;504;9271;49342;578861;4413;66364;17049;966007;15489;43889;153737;62322;NA;0;548;8410;485;368;399185;38449;88727;9632;NA;43005;10018;9980;NA;NA;113641;1371;1378;NA;118770;786284;187213;34028;NA;43386;6842;NA;210380;NA;NA;NA;41612000;NA;2768;358390;196234;299504;1028010;1784;31060;125668;1390270;26191;260883;40654;2961953;20992;91195;172240;183600;30625300;82811000;3414;3462;2258;838;1109404;56927;331988;19614;27440;153253;24407;54938;NA;NA;508371;4465;5610;NA;166043;1529793;335778;37832;NA;36615;14282;NA;NA;75024;NA;NA;NA;NA;3266;661844;354792;133941;1483319;819;78043;189005;1907860;17326;287109;52784;3379664;18407;120013;153047;349408;NA;0;2560;3116;1473;641;4245437;53283;124411;11943;0;357380;26795;78512;NA;NA;210616;5014;15620;NA;209168;3720378;430792;NA;NA;NA;NA;NA;NA;NA;NA;NA;NA;NA;NA;NA;NA;NA;NA;NA;NA;NA;NA;NA;NA;NA;NA;NA;NA;NA;NA;NA;NA;NA;NA;NA;NA;NA;NA;NA;NA;NA;NA;NA;NA;NA;NA;NA;NA;NA;NA;NA;NA;NA
"2010-12-31";127679;NA;156170;27538;NA;NA;286393;NA;NA;NA;NA;7352;1574651;1164702;704557;3944713;7450;51397;468909;5348838;79721;811168;118045;10886469;73368;383705;703453;567417;NA;543935500;15047;14612;7835;2933;4508633;307146;1319828;115205;0;535538;66598;220065;NA;NA;1692801;13755;26227;NA;716434;6215414;1077269;10309;NA;15472;5559;NA;NA;54259;NA;NA;NA;NA;1444;136117;105524;87603;410882;484;9123;35246;589502;4177;77933;17070;973607;16625;45179;117429;64748;NA;63068500;634;9786;413;427;407593;46065;88201;8848;NA;46952;9306;10288;NA;NA;106800;1403;1637;NA;108919;837490;207200;34535;NA;44617;6765;NA;216187;NA;NA;NA;45164000;NA;2830;361124;200966;311071;1037896;1718;28057;124888;1426380;26838;266432;40024;2954363;19562;97719;198079;184776;29553500;83849600;3071;3670;1857;855;1206455;58467;350084;20193;29686;161364;24324;50738;NA;NA;517650;4574;5829;NA;171278;1579594;387047;39315;NA;38077;13754;NA;NA;75009;NA;NA;NA;NA;3131;661535;372469;138828;1508053;832;73154;194879;1965957;18477;288165;52068;3364125;18717;134551;141066;349959;NA;222137100;2353;3212;1304;666;4588391;52811;138239;13218;0;364715;27246;98347;NA;NA;226230;4722;15459;NA;214336;3907592;460947;NA;NA;NA;NA;NA;NA;NA;NA;NA;NA;NA;NA;NA;NA;NA;NA;NA;NA;NA;NA;NA;NA;NA;NA;NA;NA;NA;NA;NA;NA;NA;NA;NA;NA;NA;NA;NA;NA;NA;NA;NA;NA;NA;NA;NA;NA;NA;NA;NA;NA;NA
"2011-12-31";135523;NA;161810;31445;NA;NA;294249;NA;NA;NA;NA;7453;1635695;1236639;731702;4086892;8886;45600;455793;5547264;83527;841589;122087;11594864;79865;422527;787696;584112;NA;575135600;17557;16523;9201;2962;5267948;315594;1459191;120142;0;589220;64880;223195;NA;32567750;1791160;14063;28231;NA;742780;6536367;1197812;11102;NA;15365;5451;NA;NA;55115;NA;NA;NA;NA;1607;136167;104824;84453;405507;522;8168;32798;586641;4404;75192;18154;989213;14284;43602;108247;67184;NA;69181400;669;9788;595;431;431242;45226;86121;9976;NA;54513;9713;12515;NA;1832626;116263;1374;1804;NA;109191;856882;230788;35017;NA;46427;6977;NA;225608;NA;NA;NA;48113000;NA;2941;358508;206177;306841;1042035;1781;26001;122633;1429635;27783;270816;41322;2886846;19684;103653;192766;181504;29717500;87116300;3212;3864;1943;882;1307263;58439;372508;20898;31673;167378;22137;44222;NA;5750744;533333;4682;5971;NA;169973;1592274;434086;41049;NA;39596;15173;NA;NA;75473;NA;NA;NA;NA;3186;645980;392320;146627;1547648;958;65204;204405;2021255;19136;293845;51796;3543332;17439;142129;142896;356697;NA;226141100;2526;3479;1360;689;4858347;56673;145794;14051;0;396437;26412;108198;NA;6362860;232841;4728;15323;NA;220605;4135840;482997;NA;NA;NA;NA;NA;NA;NA;NA;NA;NA;NA;NA;NA;NA;NA;NA;NA;NA;NA;NA;NA;NA;NA;NA;NA;NA;NA;NA;NA;NA;NA;NA;NA;NA;NA;NA;NA;NA;NA;NA;NA;NA;NA;NA;NA;NA;NA;NA;NA;NA;NA
"2012-12-31";139138;NA;163405;33719;NA;NA;297525;NA;NA;NA;11208592;7003;1645005;1255828;746892;4063011;9547;41402;432165;5626098;82355;850727;120748;11656251;81864;448781;788093;558361;NA;595392700;19008;16420;9861;3120;5935110;318684;1551500;121695;0;619664;62254;246601;NA;36117037;1769338;13776;30230;NA;772448;6919333;1293396;10296;NA;16933;5100;NA;NA;56010;NA;NA;NA;1065176;1744;131389;105638;92140;407671;558;7949;33947;596273;4491;73938;17191;940805;14237;41930;138995;66241;NA;66883000;545;9836;684;506;448272;48727;108256;10271;NA;51853;8202;16587;NA;2269940;123522;1050;1785;NA;107319;961738;252038;35904;NA;48358;7103;NA;231686;NA;NA;NA;54121000;3353073;2908;366650;211175;310986;1039287;1848;24198;114010;1446583;28860;275310;40467;2869454;19350;111074;206385;177844;29258300;91089600;3269;4084;2008;923;1429021;58771;395625;21318;36142;170636;19409;46597;NA;6725791;555353;4563;6122;NA;170746;1597598;463789;42102;NA;40825;13640;NA;NA;75288;NA;NA;NA;4450168;3146;625895;397835;153598;1553297;1016;58403;203498;2058021;19446;298828;50983;3508469;17807;154910;146323;358929;NA;230700100;2922;3641;1414;685;5013676;52902;143588;14706;0;421775;27181;103075;NA;7113085;222343;4445;15656;NA;231513;4383685;519926;NA;NA;NA;NA;NA;NA;NA;NA;NA;NA;NA;NA;NA;NA;NA;NA;NA;NA;NA;NA;NA;NA;NA;NA;NA;NA;NA;NA;NA;NA;NA;NA;NA;NA;NA;NA;NA;NA;NA;NA;NA;NA;NA;NA;NA;NA;NA;NA;NA;NA;NA
"2013-12-31";140125;NA;164823;34633;NA;NA;301274;NA;NA;NA;11758036;6327;1636448;1291768;776584;4115535;10011;40993;420198;5697737;83122;860366;NA;12571681;87670;486357;882112;552779;NA;627274100;20057;17450;10164;3426;5798942;320640;1579918;132959;0;630635;64521;245919;NA;38051512;1795133;13917;29651;NA;817230;7184732;1364551;10724;NA;17757;4648;NA;NA;57923;NA;NA;NA;1117879;1800;137470;103839;87815;407146;545;7846;28919;598103;4384;78336;NA;873446;12983;48411;130031;69307;NA;63665900;632;10457;721;505;527479;48140;122139;11198;NA;56098;7145;23769;NA;2669572;131920;947;1870;NA;112061;933508;270853;36333;NA;49890;7776;NA;241585;NA;NA;NA;60807000;3668772;2662;375047;217151;313183;1052139;2015;21996;114828;1450617;29466;280726;NA;3046348;18968;117992;216550;176608;28659700;96901700;3356;4256;2143;978;1498188;58926;418210;22001;40505;174587;20972;51980;NA;7713840;575321;4358;6510;NA;166790;1642091;511943;43354;NA;41848;12192;NA;NA;76310;NA;NA;NA;4830226;2764;613233;405283;158041;1564288;1047;54429;205929;2067887;19688;298884;NA;3678865;18406;156908;151501;357407;NA;236295000;3033;3939;1501;723;5250781;54836;148449;15264;0;421048;27534;122887;NA;7703908;224108;4581;15953;NA;238265;4503616;564613;NA;NA;NA;NA;NA;NA;NA;NA;NA;NA;NA;NA;NA;NA;NA;NA;NA;NA;NA;NA;NA;NA;NA;NA;NA;NA;NA;NA;NA;NA;NA;NA;NA;NA;NA;NA;NA;NA;NA;NA;NA;NA;NA;NA;NA;NA;NA;NA;NA;NA;NA
"2014-12-31";144990;NA;168944;36411;NA;NA;310042;NA;NA;NA;12967486;5819;1817484;1367801;820367;4238870;10540;42155;426212;5931065;83687;870770;NA;13790097;96483;510650;943661;558267;NA;650718800;21029;18457;10679;4052;6197324;322335;1569192;137737;0;655147;66171;276663;NA;40778674;1896523;14811;31029;NA;853777;7525309;1439879;10757;NA;19454;4604;NA;NA;55249;NA;NA;NA;1211817;1823;134784;105188;91759;425107;583;7042;32577;628844;5275;81279;NA;923946;14773;44892;132954;73735;NA;66616000;590;11487;844;481;547328;48821;127203;12263;NA;62276;7020;21833;NA;2929452;141845;1002;1995;NA;115360;1090981;283152;37084;NA;51375;7964;NA;247853;NA;NA;NA;66364000;3957902;2417;386683;223576;318529;1064710;2169;21943;115418;1480681;29548;285905;NA;3359918;18771;122456;231745;174868;29229900;103029100;3481;4423;2271;1050;1595010;59054;441489;22642;46093;184601;20274;51896;NA;8380268;596672;4272;6846;NA;170171;1685582;551072;44453;NA;43082;11394;NA;NA;78166;NA;NA;NA;5362578;2778;620774;413978;154129;1584267;1057;54744;201256;2122295;20286;301716;NA;3966746;19862;167433;171583;359708;NA;243184200;3126;4298;1322;742;5510751;60238;153616;15982;0;426952;27457;119112;NA;8094768;224373;4655;15593;NA;256136;4701919;601946;NA;NA;NA;NA;NA;NA;NA;NA;NA;NA;NA;NA;NA;NA;NA;NA;NA;NA;NA;NA;NA;NA;NA;NA;NA;NA;NA;NA;NA;NA;NA;NA;NA;NA;NA;NA;NA;NA;NA;NA;NA;NA;NA;NA;NA;NA;NA;NA;NA;NA;NA
"2015-12-31";149870;NA;176912;39790;NA;NA;313833;NA;NA;NA;14037389;5943;1966879;1427480;860074;4440556;10561;42876;448961;6326776;86931;900112;NA;14836227;131751;537108;NA;576781;NA;687406600;21035;19114;10966;4815;6308719;334103;1456900;144671;NA;703413;70504;293209;NA;NA;2062830;15394;33658;NA;884286;7832930;NA;11140;NA;21025;4459;NA;NA;55010;NA;NA;NA;1300696;1944;142845;106876;94843;430071;639;6597;32833;639889;5353;81774;NA;902763;16015;46675;NA;72768;NA;69090900;623;12801;931;512;564371;47698;129688;13057;NA;57520;7210;20345;NA;NA;157607;1064;2043;NA;108025;1156761;301793;38602;NA;51610;8348;NA;253466;NA;NA;NA;70504000;4242588;2391;407082;229753;323437;1080500;2344;21584;119697;1529588;29466;288947;NA;3613243;19419;127717;291699;173609;29405800;108852700;3617;4644;2417;1116;1701903;59537;462655;23332;49917;190318;20223;55120;NA;NA;625713;4313;7223;NA;172678;1740029;591488;45821;NA;44707;11200;NA;NA;80074;NA;NA;NA;5734210;2958;649996;420641;150349;1615196;1078;54682;208278;2213414;21013;304707;NA;4139638;20972;183917;NA;364898;NA;252616100;3344;4322;1357;833;5864442;63755;170975;16134;NA;438887;27594;130926;NA;NA;219754;4830;15185;NA;270502;4827038;NA;NA;NA;NA;NA;NA;NA;NA;NA;NA;NA;NA;NA;NA;NA;NA;NA;NA;NA;NA;NA;NA;NA;NA;NA;NA;NA;NA;NA;NA;NA;NA;NA;NA;NA;NA;NA;NA;NA;NA;NA;NA;NA;NA;NA;NA;NA;NA;NA;NA;NA;NA
"2016-12-31";157353;NA;183273;42012;NA;NA;319002;NA;NA;NA;15028801;6747;2045645;1493513;895688;4604710;10956;41918;466530;6415399;90629;915464;NA;15189830;130052;564192;NA;611828;NA;727566300;21928;20871;11267;5172;6743428;341644;1399282;NA;NA;716005;74155;318989;NA;NA;2132210;16281;33627;NA;912576;7917086;NA;10738;NA;21572;5353;NA;NA;52881;NA;NA;NA;1438964;1824;142445;105031;94821;423403;659;6377;33968;628815;5670;79956;NA;918062;17251;47679;NA;69647;NA;71235700;679;13235;951;546;737933;44873;142496;NA;NA;65002;7313;22893;NA;NA;153639;1064;1798;NA;116838;1213636;325827;39824;NA;52863;8490;NA;259594;NA;NA;NA;74900000;4433796;2368;428805;236984;325871;1100753;2489;21477;121998;1538675;29022;291600;NA;3878902;19980;133700;NA;175880;29707800;114000500;3818;4732;2548;1178;1765690;61062;477952;24341;NA;196321;20687;69243;NA;NA;662880;4601;7642;NA;178541;1782416;650296;46958;NA;45679;11902;NA;NA;81276;NA;NA;NA;6018308;3248;671434;428991;157990;1645835;1086;54268;215544;2223899;21553;309409;NA;4433849;22972;196268;NA;364849;NA;262528200;3399;4458;1289;859;6186351;69333;171911;12481;NA;447286;27702;136787;NA;NA;226762;4913;15895;NA;284714;4930463;NA;NA;NA;NA;NA;NA;NA;NA;NA;NA;NA;NA;NA;NA;NA;NA;NA;NA;NA;NA;NA;NA;NA;NA;NA;NA;NA;NA;NA;NA;NA;NA;NA;NA;NA;NA;NA;NA;NA;NA;NA;NA;NA;NA;NA;NA;NA;NA;NA;NA;NA;NA
"2017-12-31";162356;NA;191644;47577;NA;NA;321920;NA;NA;NA;NA;7400;2200474;1553746;935398;4819752;12295;44653;490056;6636318;97674;946011;NA;16532165;140717;585361;NA;644455;NA;NA;24274;21380;12309;5641;7753116;359064;1514876;NA;NA;771318;78732;358763;NA;NA;2235931;17916;35270;NA;952404;8258540;NA;11084;NA;21500;5573;NA;NA;52965;NA;NA;NA;NA;1704;142108;104065;97558;412669;721;5900;35100;613791;5980;72035;NA;1047172;18434;50746;NA;66172;NA;NA;686;13689;815;560;846607;43049;149809;NA;NA;68387;7464;17541;NA;NA;145092;1149;1623;NA;121456;1230945;347894;40897;NA;54484;9380;NA;269514;NA;NA;NA;NA;NA;2469;471232;246016;331383;1126781;2670;21514;123991;1570770;28324;298753;NA;4209133;21300;141202;NA;176618;29651800;NA;4026;5008;2762;1273;1869002;62661;499498;NA;NA;206115;21147;84703;NA;NA;696109;4832;7982;NA;184425;1832257;700968;49691;NA;47079;10832;NA;NA;83148;NA;NA;NA;NA;3468;689053;438141;172109;1685688;1148;56000;224665;2263012;21797;313924;NA;4766612;23719;207308;NA;366335;NA;NA;3634;4606;1522;898;6466833;75340;175871;NA;NA;469919;28446;153060;NA;NA;239152;5169;16414;NA;288358;5190649;NA;NA;NA;NA;NA;NA;NA;NA;NA;NA;NA;NA;NA;NA;NA;NA;NA;NA;NA;NA;NA;NA;NA;NA;NA;NA;NA;NA;NA;NA;NA;NA;NA;NA;NA;NA;NA;NA;NA;NA;NA;NA;NA;NA;NA;NA;NA;NA;NA;NA;NA;NA
"2018-12-31";170550;NA;197041;NA;NA;NA;NA;NA;NA;NA;NA;7948;2291746;1596098;951808;4976858;NA;NA;503994;6860946;102499;971374;NA;18494688;156488;NA;NA;658126;NA;NA;26414;23014;13510;NA;NA;379090;1678906;NA;NA;NA;81850;418502;NA;NA;2339300;19254;38168;NA;986297;NA;NA;11027;NA;22147;NA;NA;NA;NA;NA;NA;NA;NA;1795;149997;103540;99988;413766;NA;NA;38798;604853;5934;73589;NA;1108686;18790;NA;NA;62867;NA;NA;834;13893;846;NA;NA;41544;145575;NA;NA;NA;7505;22287;NA;NA;138208;1255;1990;NA;114914;NA;NA;42002;NA;55820;NA;NA;NA;NA;NA;NA;NA;NA;2575;529569;254974;339777;1159451;NA;NA;128168;1618654;29033;302435;NA;4498387;22954;NA;NA;182514;NA;NA;4424;5396;3008;NA;NA;64809;521044;NA;NA;NA;21678;104400;NA;NA;728294;5103;8484;NA;190007;NA;NA;51818;NA;48036;NA;NA;NA;NA;NA;NA;NA;NA;3590;757331;448967;167761;1723469;NA;NA;230923;2328617;22302;314319;NA;5126692;25576;NA;NA;371061;NA;NA;3477;4803;1706;NA;NA;80073;182613;NA;NA;NA;29583;165505;NA;NA;247832;5553;16781;NA;303936;NA;NA;NA;NA;NA;NA;NA;NA;NA;NA;NA;NA;NA;NA;NA;NA;NA;NA;NA;NA;NA;NA;NA;NA;NA;NA;NA;NA;NA;NA;NA;NA;NA;NA;NA;NA;NA;NA;NA;NA;NA;NA;NA;NA;NA;NA;NA;NA;NA;NA;NA;NA;NA
